Mono path[0] = 'D:/windows/programs/Hollow Knight/Hollow Knight_Data/Managed'
Mono config path = 'D:/windows/programs/Hollow Knight/MonoBleedingEdge/etc'
Initialize engine version: 2020.2.2f1 (068178b99f32)
[Subsystems] Discovering subsystems at path D:/windows/programs/Hollow Knight/Hollow Knight_Data/UnitySubsystems
GfxDevice: creating device client; threaded=1
Direct3D:
    Version:  Direct3D 11.0 [level 11.1]
    Renderer: Intel(R) HD Graphics 620 (ID=0x5916)
    Vendor:   
    VRAM:     4016 MB
    Driver:   31.0.101.2128
Begin MonoManager ReloadAssembly
- Completed reload, in  4.348 seconds
OnLevelWasLoaded was found on GameMap
This message has been deprecated and will be removed in a later version of Unity.
Add a delegate to SceneManager.sceneLoaded instead to get notifications after scene loading has completed

OnLevelWasLoaded was found on PlayMakerUnity2d
This message has been deprecated and will be removed in a later version of Unity.
Add a delegate to SceneManager.sceneLoaded instead to get notifications after scene loading has completed

D3D11 device created for Microsoft Media Foundation video decoding.
<RI> Initializing input.
<RI> Input initialized.
<RI> Initialized touch support.
The class named 'ConfigManager' is abstract. The script class can't be abstract!

UnloadTime: 6.703600 ms
Graphics tier changed to High

GOG signing in...

Selected online subsystem GOGGalaxyOnlineSubsystem

Discovered supported languages: DE, EN, ES, FR, IT, JA, KO, PT, RU, ZH

Unloading 5 Unused Serialized files (Serialized files now loaded: 0)
Loaded saved language code 'EN'

Restored language code 'EN'


Unloading 362 unused Assets to reduce memory usage. Loaded Objects now: 3824.
Total: 2.627400 ms (FindLiveObjects: 0.329600 ms CreateObjectMapping: 0.205100 ms MarkObjects: 2.006000 ms  DeleteObjects: 0.085800 ms)

Unloading 5 Unused Serialized files (Serialized files now loaded: 0)
GOG authorization failed: FAILURE_REASON_GALAXY_SERVICE_NOT_AVAILABLE

Didn't need to wait for PlayerPrefs load.

UnloadTime: 7.751500 ms
DontDestroyOnLoad only works for root GameObjects or components on root GameObjects.

Performing automatic level start.

Game controller set to None.

pd.maxHealth: 8 pd.maxHealthBase: 8


Unloading 30 unused Assets to reduce memory usage. Loaded Objects now: 45151.
Total: 142.691200 ms (FindLiveObjects: 6.178600 ms CreateObjectMapping: 1.698200 ms MarkObjects: 134.151100 ms  DeleteObjects: 0.662900 ms)

Making UI menu lean.

AddEventHandlerComponent: PlayMakerFixedUpdate

AddEventHandlerComponent: PlayMakerFixedUpdate

AddEventHandlerComponent: PlayMakerFixedUpdate

AddEventHandlerComponent: PlayMakerFixedUpdate

AddEventHandlerComponent: PlayMakerFixedUpdate

AddEventHandlerComponent: PlayMakerFixedUpdate

AddEventHandlerComponent: PlayMakerFixedUpdate

AddEventHandlerComponent: PlayMakerFixedUpdate

AddEventHandlerComponent: PlayMakerFixedUpdate

AddEventHandlerComponent: PlayMakerFixedUpdate

AddEventHandlerComponent: PlayMakerFixedUpdate

AddEventHandlerComponent: PlayMakerFixedUpdate

AddEventHandlerComponent: PlayMakerFixedUpdate

AddEventHandlerComponent: PlayMakerFixedUpdate

AddEventHandlerComponent: PlayMakerFixedUpdate

AddEventHandlerComponent: PlayMakerFixedUpdate

AddEventHandlerComponent: PlayMakerFixedUpdate

AddEventHandlerComponent: PlayMakerFixedUpdate

AddEventHandlerComponent: PlayMakerFixedUpdate

AddEventHandlerComponent: PlayMakerFixedUpdate

AddEventHandlerComponent: PlayMakerFixedUpdate

AddEventHandlerComponent: PlayMakerFixedUpdate

AddEventHandlerComponent: PlayMakerFixedUpdate

AddEventHandlerComponent: PlayMakerFixedUpdate

AddEventHandlerComponent: PlayMakerFixedUpdate

AddEventHandlerComponent: PlayMakerFixedUpdate

AddEventHandlerComponent: PlayMakerFixedUpdate

AddEventHandlerComponent: PlayMakerCollisionEnter2D

AddEventHandlerComponent: PlayMakerFixedUpdate

AddEventHandlerComponent: PlayMakerFixedUpdate

AddEventHandlerComponent: PlayMakerFixedUpdate

AddEventHandlerComponent: PlayMakerFixedUpdate

AddEventHandlerComponent: PlayMakerFixedUpdate

AddEventHandlerComponent: PlayMakerFixedUpdate

AddEventHandlerComponent: PlayMakerFixedUpdate

AddEventHandlerComponent: PlayMakerFixedUpdate

AddEventHandlerComponent: PlayMakerFixedUpdate

AddEventHandlerComponent: PlayMakerFixedUpdate

AddEventHandlerComponent: PlayMakerFixedUpdate

AddEventHandlerComponent: PlayMakerFixedUpdate

Deferring level start (marked as manual).

Unloading 19 Unused Serialized files (Serialized files now loaded: 0)

Unloading 180 unused Assets to reduce memory usage. Loaded Objects now: 52778.
Total: 172.074600 ms (FindLiveObjects: 11.125100 ms CreateObjectMapping: 1.702800 ms MarkObjects: 157.905600 ms  DeleteObjects: 1.340600 ms)

Unable to get achievement STAG_STATION_HALF, because GOG is not authenticated.

Unable to push achievement STAG_STATION_HALF, because GOG is not authenticated.

Unable to get achievement GRUBFRIEND, because GOG is not authenticated.

Unable to push achievement GRUBFRIEND, because GOG is not authenticated.

Unable to get achievement CHARMED, because GOG is not authenticated.

Unable to push achievement CHARMED, because GOG is not authenticated.

Unable to get achievement ENCHANTED, because GOG is not authenticated.

Unable to push achievement ENCHANTED, because GOG is not authenticated.

Unable to get achievement SOULFUL, because GOG is not authenticated.

Unable to push achievement SOULFUL, because GOG is not authenticated.

Unable to get achievement WORLDSOUL, because GOG is not authenticated.

Unable to push achievement WORLDSOUL, because GOG is not authenticated.

Unable to get achievement PROTECTED, because GOG is not authenticated.

Unable to push achievement PROTECTED, because GOG is not authenticated.

Unable to get achievement ATTUNEMENT, because GOG is not authenticated.

Unable to push achievement ATTUNEMENT, because GOG is not authenticated.

Unable to get achievement HORNET_1, because GOG is not authenticated.

Unable to push achievement HORNET_1, because GOG is not authenticated.

Unable to get achievement HORNET_2, because GOG is not authenticated.

Unable to push achievement HORNET_2, because GOG is not authenticated.

Unable to get achievement SOUL_MASTER_DEFEAT, because GOG is not authenticated.

Unable to push achievement SOUL_MASTER_DEFEAT, because GOG is not authenticated.

Unable to get achievement BROKEN_VESSEL, because GOG is not authenticated.

Unable to push achievement BROKEN_VESSEL, because GOG is not authenticated.

Unable to get achievement DUNG_DEFENDER, because GOG is not authenticated.

Unable to push achievement DUNG_DEFENDER, because GOG is not authenticated.

Unable to get achievement MANTIS_LORDS, because GOG is not authenticated.

Unable to push achievement MANTIS_LORDS, because GOG is not authenticated.

Unable to get achievement COLLECTOR, because GOG is not authenticated.

Unable to push achievement COLLECTOR, because GOG is not authenticated.

Unable to get achievement BEAST, because GOG is not authenticated.

Unable to push achievement BEAST, because GOG is not authenticated.

Unable to get achievement WATCHER, because GOG is not authenticated.

Unable to push achievement WATCHER, because GOG is not authenticated.

Persistent Bool Item - Couldn't reset value on FSM because it's missing.

Persistent Bool Item - Couldn't reset value on FSM because it's missing.

AddEventHandlerComponent: PlayMakerFixedUpdate

AddEventHandlerComponent: PlayMakerFixedUpdate

AddEventHandlerComponent: PlayMakerFixedUpdate

AddEventHandlerComponent: PlayMakerFixedUpdate

AddEventHandlerComponent: PlayMakerFixedUpdate

AddEventHandlerComponent: PlayMakerFixedUpdate

AddEventHandlerComponent: PlayMakerFixedUpdate

AddEventHandlerComponent: PlayMakerFixedUpdate

AddEventHandlerComponent: PlayMakerFixedUpdate

AddEventHandlerComponent: PlayMakerCollisionEnter2D

AddEventHandlerComponent: PlayMakerFixedUpdate

AddEventHandlerComponent: PlayMakerFixedUpdate

AddEventHandlerComponent: PlayMakerFixedUpdate

AddEventHandlerComponent: PlayMakerFixedUpdate

AddEventHandlerComponent: PlayMakerFixedUpdate

AddEventHandlerComponent: PlayMakerFixedUpdate

AddEventHandlerComponent: PlayMakerFixedUpdate

AddEventHandlerComponent: PlayMakerFixedUpdate

AddEventHandlerComponent: PlayMakerFixedUpdate

AddEventHandlerComponent: PlayMakerCollisionEnter2D

AddEventHandlerComponent: PlayMakerFixedUpdate

AddEventHandlerComponent: PlayMakerFixedUpdate

AddEventHandlerComponent: PlayMakerFixedUpdate

AddEventHandlerComponent: PlayMakerFixedUpdate

AddEventHandlerComponent: PlayMakerFixedUpdate

AddEventHandlerComponent: PlayMakerFixedUpdate

AddEventHandlerComponent: PlayMakerFixedUpdate

AddEventHandlerComponent: PlayMakerCollisionEnter2D

AddEventHandlerComponent: PlayMakerFixedUpdate

AddEventHandlerComponent: PlayMakerFixedUpdate

AddEventHandlerComponent: PlayMakerFixedUpdate

AddEventHandlerComponent: PlayMakerFixedUpdate

AddEventHandlerComponent: PlayMakerFixedUpdate

AddEventHandlerComponent: PlayMakerFixedUpdate

AddEventHandlerComponent: PlayMakerCollisionEnter2D

AddEventHandlerComponent: PlayMakerFixedUpdate

AddEventHandlerComponent: PlayMakerFixedUpdate

AddEventHandlerComponent: PlayMakerFixedUpdate

AddEventHandlerComponent: PlayMakerFixedUpdate

AddEventHandlerComponent: PlayMakerFixedUpdate

AddEventHandlerComponent: PlayMakerFixedUpdate

AddEventHandlerComponent: PlayMakerFixedUpdate

AddEventHandlerComponent: PlayMakerFixedUpdate

AddEventHandlerComponent: PlayMakerFixedUpdate

AddEventHandlerComponent: PlayMakerFixedUpdate

AddEventHandlerComponent: PlayMakerFixedUpdate

AddEventHandlerComponent: PlayMakerFixedUpdate

AddEventHandlerComponent: PlayMakerFixedUpdate

AddEventHandlerComponent: PlayMakerFixedUpdate

AddEventHandlerComponent: PlayMakerFixedUpdate

AddEventHandlerComponent: PlayMakerFixedUpdate

AddEventHandlerComponent: PlayMakerFixedUpdate

AddEventHandlerComponent: PlayMakerFixedUpdate

AddEventHandlerComponent: PlayMakerFixedUpdate

AddEventHandlerComponent: PlayMakerCollisionEnter2D

AddEventHandlerComponent: PlayMakerFixedUpdate

AddEventHandlerComponent: PlayMakerFixedUpdate

AddEventHandlerComponent: PlayMakerFixedUpdate

AddEventHandlerComponent: PlayMakerFixedUpdate

AddEventHandlerComponent: PlayMakerFixedUpdate

AddEventHandlerComponent: PlayMakerFixedUpdate

AddEventHandlerComponent: PlayMakerFixedUpdate

AddEventHandlerComponent: PlayMakerFixedUpdate

AddEventHandlerComponent: PlayMakerCollisionEnter2D

AddEventHandlerComponent: PlayMakerFixedUpdate

AddEventHandlerComponent: PlayMakerFixedUpdate

AddEventHandlerComponent: PlayMakerFixedUpdate

Deferring level start (marked as manual).

Unloading 27 Unused Serialized files (Serialized files now loaded: 0)

Unloading 180 unused Assets to reduce memory usage. Loaded Objects now: 62599.
Total: 238.234900 ms (FindLiveObjects: 15.707900 ms CreateObjectMapping: 2.862100 ms MarkObjects: 218.768800 ms  DeleteObjects: 0.895100 ms)

Couldn't get static variable: skipRemoveDreamOrbs

Unable to get achievement ATTUNEMENT, because GOG is not authenticated.

Unable to push achievement ATTUNEMENT, because GOG is not authenticated.

PlayOneShot was called with a null AudioClip.

PlayOneShot was called with a null AudioClip.

Object Pool attached to GlobalPool has run out of Slash Impact R prefabs, Instantiating an additional one.

Object Pool attached to GlobalPool has run out of Strike Nail R prefabs, Instantiating an additional one.

Object Pool attached to GlobalPool has run out of Strike Nail R prefabs, Instantiating an additional one.

Object Pool attached to GlobalPool has run out of Slash Impact R prefabs, Instantiating an additional one.

Object Pool attached to GlobalPool has run out of Slash Impact R prefabs, Instantiating an additional one.

Object Pool attached to GlobalPool has run out of Strike Nail R prefabs, Instantiating an additional one.

AddEventHandlerComponent: PlayMakerFixedUpdate

AddEventHandlerComponent: PlayMakerFixedUpdate

AddEventHandlerComponent: PlayMakerFixedUpdate

AddEventHandlerComponent: PlayMakerFixedUpdate

AddEventHandlerComponent: PlayMakerFixedUpdate

AddEventHandlerComponent: PlayMakerFixedUpdate

AddEventHandlerComponent: PlayMakerFixedUpdate

AddEventHandlerComponent: PlayMakerFixedUpdate

AddEventHandlerComponent: PlayMakerFixedUpdate

AddEventHandlerComponent: PlayMakerFixedUpdate

AddEventHandlerComponent: PlayMakerFixedUpdate

Deferring level start (marked as manual).

AddEventHandlerComponent: PlayMakerFixedUpdate

AddEventHandlerComponent: PlayMakerFixedUpdate

PlayOneShot was called with a null AudioClip.

AddEventHandlerComponent: PlayMakerFixedUpdate

AddEventHandlerComponent: PlayMakerFixedUpdate

AddEventHandlerComponent: PlayMakerFixedUpdate

AddEventHandlerComponent: PlayMakerFixedUpdate

AddEventHandlerComponent: PlayMakerFixedUpdate

AddEventHandlerComponent: PlayMakerFixedUpdate

AddEventHandlerComponent: PlayMakerFixedUpdate

AddEventHandlerComponent: PlayMakerFixedUpdate

AddEventHandlerComponent: PlayMakerFixedUpdate

AddEventHandlerComponent: PlayMakerFixedUpdate

AddEventHandlerComponent: PlayMakerFixedUpdate

AddEventHandlerComponent: PlayMakerFixedUpdate

AddEventHandlerComponent: PlayMakerFixedUpdate

AddEventHandlerComponent: PlayMakerFixedUpdate

AddEventHandlerComponent: PlayMakerFixedUpdate

Object Pool attached to GlobalPool has run out of Run Effects prefabs, Instantiating an additional one.

AddEventHandlerComponent: PlayMakerFixedUpdate

Object Pool attached to GlobalPool could not find a copy of Audio Player NoDestroy, Instantiating a new one.

AddEventHandlerComponent: PlayMakerCollisionEnter2D

AddEventHandlerComponent: PlayMakerFixedUpdate

AddEventHandlerComponent: PlayMakerCollisionEnter2D

AddEventHandlerComponent: PlayMakerFixedUpdate

AddEventHandlerComponent: PlayMakerFixedUpdate

AddEventHandlerComponent: PlayMakerFixedUpdate

AddEventHandlerComponent: PlayMakerFixedUpdate

AddEventHandlerComponent: PlayMakerFixedUpdate

AddEventHandlerComponent: PlayMakerFixedUpdate

AddEventHandlerComponent: PlayMakerFixedUpdate

AddEventHandlerComponent: PlayMakerFixedUpdate

AddEventHandlerComponent: PlayMakerFixedUpdate

AddEventHandlerComponent: PlayMakerFixedUpdate

AddEventHandlerComponent: PlayMakerFixedUpdate

AddEventHandlerComponent: PlayMakerFixedUpdate

AddEventHandlerComponent: PlayMakerFixedUpdate

AddEventHandlerComponent: PlayMakerFixedUpdate

AddEventHandlerComponent: PlayMakerFixedUpdate

AddEventHandlerComponent: PlayMakerFixedUpdate

AddEventHandlerComponent: PlayMakerFixedUpdate

AddEventHandlerComponent: PlayMakerFixedUpdate

AddEventHandlerComponent: PlayMakerFixedUpdate

AddEventHandlerComponent: PlayMakerCollisionEnter2D

AddEventHandlerComponent: PlayMakerFixedUpdate

AddEventHandlerComponent: PlayMakerFixedUpdate

AddEventHandlerComponent: PlayMakerFixedUpdate

AddEventHandlerComponent: PlayMakerFixedUpdate

AddEventHandlerComponent: PlayMakerFixedUpdate

AddEventHandlerComponent: PlayMakerFixedUpdate

AddEventHandlerComponent: PlayMakerFixedUpdate

AddEventHandlerComponent: PlayMakerFixedUpdate

AddEventHandlerComponent: PlayMakerFixedUpdate

AddEventHandlerComponent: PlayMakerFixedUpdate

AddEventHandlerComponent: PlayMakerFixedUpdate

AddEventHandlerComponent: PlayMakerFixedUpdate

Deferring level start (marked as manual).

Unloading 32 Unused Serialized files (Serialized files now loaded: 0)

Unloading 757 unused Assets to reduce memory usage. Loaded Objects now: 60435.
Total: 289.948700 ms (FindLiveObjects: 22.810500 ms CreateObjectMapping: 3.792400 ms MarkObjects: 260.862000 ms  DeleteObjects: 2.482900 ms)

Unable to get achievement STAG_STATION_HALF, because GOG is not authenticated.

Unable to push achievement STAG_STATION_HALF, because GOG is not authenticated.

Unable to get achievement GRUBFRIEND, because GOG is not authenticated.

Unable to push achievement GRUBFRIEND, because GOG is not authenticated.

Unable to get achievement CHARMED, because GOG is not authenticated.

Unable to push achievement CHARMED, because GOG is not authenticated.

Unable to get achievement ENCHANTED, because GOG is not authenticated.

Unable to push achievement ENCHANTED, because GOG is not authenticated.

Unable to get achievement SOULFUL, because GOG is not authenticated.

Unable to push achievement SOULFUL, because GOG is not authenticated.

Unable to get achievement WORLDSOUL, because GOG is not authenticated.

Unable to push achievement WORLDSOUL, because GOG is not authenticated.

Unable to get achievement PROTECTED, because GOG is not authenticated.

Unable to push achievement PROTECTED, because GOG is not authenticated.

Unable to get achievement ATTUNEMENT, because GOG is not authenticated.

Unable to push achievement ATTUNEMENT, because GOG is not authenticated.

Unable to get achievement HORNET_1, because GOG is not authenticated.

Unable to push achievement HORNET_1, because GOG is not authenticated.

Unable to get achievement HORNET_2, because GOG is not authenticated.

Unable to push achievement HORNET_2, because GOG is not authenticated.

Unable to get achievement SOUL_MASTER_DEFEAT, because GOG is not authenticated.

Unable to push achievement SOUL_MASTER_DEFEAT, because GOG is not authenticated.

Unable to get achievement BROKEN_VESSEL, because GOG is not authenticated.

Unable to push achievement BROKEN_VESSEL, because GOG is not authenticated.

Unable to get achievement DUNG_DEFENDER, because GOG is not authenticated.

Unable to push achievement DUNG_DEFENDER, because GOG is not authenticated.

Unable to get achievement MANTIS_LORDS, because GOG is not authenticated.

Unable to push achievement MANTIS_LORDS, because GOG is not authenticated.

Unable to get achievement COLLECTOR, because GOG is not authenticated.

Unable to push achievement COLLECTOR, because GOG is not authenticated.

Unable to get achievement BEAST, because GOG is not authenticated.

Unable to push achievement BEAST, because GOG is not authenticated.

Unable to get achievement WATCHER, because GOG is not authenticated.

Unable to push achievement WATCHER, because GOG is not authenticated.

Persistent Bool Item - Couldn't reset value on FSM because it's missing.

Persistent Bool Item - Couldn't reset value on FSM because it's missing.

AddEventHandlerComponent: PlayMakerFixedUpdate

AddEventHandlerComponent: PlayMakerFixedUpdate

AddEventHandlerComponent: PlayMakerFixedUpdate

AddEventHandlerComponent: PlayMakerFixedUpdate

AddEventHandlerComponent: PlayMakerFixedUpdate

AddEventHandlerComponent: PlayMakerFixedUpdate

AddEventHandlerComponent: PlayMakerFixedUpdate

AddEventHandlerComponent: PlayMakerFixedUpdate

AddEventHandlerComponent: PlayMakerFixedUpdate

AddEventHandlerComponent: PlayMakerCollisionEnter2D

AddEventHandlerComponent: PlayMakerFixedUpdate

AddEventHandlerComponent: PlayMakerFixedUpdate

AddEventHandlerComponent: PlayMakerFixedUpdate

AddEventHandlerComponent: PlayMakerFixedUpdate

AddEventHandlerComponent: PlayMakerFixedUpdate

AddEventHandlerComponent: PlayMakerFixedUpdate

AddEventHandlerComponent: PlayMakerFixedUpdate

AddEventHandlerComponent: PlayMakerFixedUpdate

AddEventHandlerComponent: PlayMakerFixedUpdate

AddEventHandlerComponent: PlayMakerCollisionEnter2D

AddEventHandlerComponent: PlayMakerFixedUpdate

AddEventHandlerComponent: PlayMakerFixedUpdate

AddEventHandlerComponent: PlayMakerFixedUpdate

AddEventHandlerComponent: PlayMakerFixedUpdate

AddEventHandlerComponent: PlayMakerFixedUpdate

AddEventHandlerComponent: PlayMakerFixedUpdate

AddEventHandlerComponent: PlayMakerFixedUpdate

AddEventHandlerComponent: PlayMakerCollisionEnter2D

AddEventHandlerComponent: PlayMakerFixedUpdate

AddEventHandlerComponent: PlayMakerFixedUpdate

AddEventHandlerComponent: PlayMakerFixedUpdate

AddEventHandlerComponent: PlayMakerFixedUpdate

AddEventHandlerComponent: PlayMakerFixedUpdate

AddEventHandlerComponent: PlayMakerFixedUpdate

AddEventHandlerComponent: PlayMakerCollisionEnter2D

AddEventHandlerComponent: PlayMakerFixedUpdate

AddEventHandlerComponent: PlayMakerFixedUpdate

AddEventHandlerComponent: PlayMakerFixedUpdate

AddEventHandlerComponent: PlayMakerFixedUpdate

AddEventHandlerComponent: PlayMakerFixedUpdate

AddEventHandlerComponent: PlayMakerFixedUpdate

AddEventHandlerComponent: PlayMakerFixedUpdate

AddEventHandlerComponent: PlayMakerFixedUpdate

AddEventHandlerComponent: PlayMakerFixedUpdate

AddEventHandlerComponent: PlayMakerFixedUpdate

AddEventHandlerComponent: PlayMakerFixedUpdate

AddEventHandlerComponent: PlayMakerFixedUpdate

AddEventHandlerComponent: PlayMakerFixedUpdate

AddEventHandlerComponent: PlayMakerFixedUpdate

AddEventHandlerComponent: PlayMakerFixedUpdate

AddEventHandlerComponent: PlayMakerFixedUpdate

AddEventHandlerComponent: PlayMakerFixedUpdate

AddEventHandlerComponent: PlayMakerFixedUpdate

AddEventHandlerComponent: PlayMakerFixedUpdate

AddEventHandlerComponent: PlayMakerCollisionEnter2D

AddEventHandlerComponent: PlayMakerFixedUpdate

AddEventHandlerComponent: PlayMakerFixedUpdate

AddEventHandlerComponent: PlayMakerFixedUpdate

AddEventHandlerComponent: PlayMakerFixedUpdate

AddEventHandlerComponent: PlayMakerFixedUpdate

AddEventHandlerComponent: PlayMakerFixedUpdate

AddEventHandlerComponent: PlayMakerFixedUpdate

AddEventHandlerComponent: PlayMakerFixedUpdate

AddEventHandlerComponent: PlayMakerCollisionEnter2D

AddEventHandlerComponent: PlayMakerFixedUpdate

AddEventHandlerComponent: PlayMakerFixedUpdate

AddEventHandlerComponent: PlayMakerFixedUpdate

Deferring level start (marked as manual).

Unloading 27 Unused Serialized files (Serialized files now loaded: 0)

Unloading 174 unused Assets to reduce memory usage. Loaded Objects now: 62751.
Total: 292.743200 ms (FindLiveObjects: 16.861000 ms CreateObjectMapping: 2.388500 ms MarkObjects: 272.613300 ms  DeleteObjects: 0.878100 ms)

Unable to get achievement ATTUNEMENT, because GOG is not authenticated.

Unable to push achievement ATTUNEMENT, because GOG is not authenticated.

PlayOneShot was called with a null AudioClip.

PlayOneShot was called with a null AudioClip.

PlayOneShot was called with a null AudioClip.

PlayOneShot was called with a null AudioClip.

PlayOneShot was called with a null AudioClip.

PlayOneShot was called with a null AudioClip.

AddEventHandlerComponent: PlayMakerFixedUpdate

AddEventHandlerComponent: PlayMakerFixedUpdate

AddEventHandlerComponent: PlayMakerFixedUpdate

AddEventHandlerComponent: PlayMakerFixedUpdate

AddEventHandlerComponent: PlayMakerFixedUpdate

AddEventHandlerComponent: PlayMakerFixedUpdate

AddEventHandlerComponent: PlayMakerFixedUpdate

AddEventHandlerComponent: PlayMakerFixedUpdate

AddEventHandlerComponent: PlayMakerFixedUpdate

AddEventHandlerComponent: PlayMakerFixedUpdate

AddEventHandlerComponent: PlayMakerFixedUpdate

Deferring level start (marked as manual).

AddEventHandlerComponent: PlayMakerFixedUpdate

AddEventHandlerComponent: PlayMakerFixedUpdate

PlayOneShot was called with a null AudioClip.

AddEventHandlerComponent: PlayMakerFixedUpdate

AddEventHandlerComponent: PlayMakerFixedUpdate

AddEventHandlerComponent: PlayMakerFixedUpdate

AddEventHandlerComponent: PlayMakerFixedUpdate

AddEventHandlerComponent: PlayMakerFixedUpdate

AddEventHandlerComponent: PlayMakerFixedUpdate

AddEventHandlerComponent: PlayMakerFixedUpdate

AddEventHandlerComponent: PlayMakerFixedUpdate

AddEventHandlerComponent: PlayMakerFixedUpdate

AddEventHandlerComponent: PlayMakerFixedUpdate

AddEventHandlerComponent: PlayMakerFixedUpdate

AddEventHandlerComponent: PlayMakerFixedUpdate

AddEventHandlerComponent: PlayMakerFixedUpdate

Object Pool attached to GlobalPool has run out of Run Effects prefabs, Instantiating an additional one.

AddEventHandlerComponent: PlayMakerFixedUpdate

AddEventHandlerComponent: PlayMakerFixedUpdate

AddEventHandlerComponent: PlayMakerFixedUpdate

AddEventHandlerComponent: PlayMakerFixedUpdate

Object Pool attached to GlobalPool has run out of Audio Player NoDestroy prefabs, Instantiating an additional one.

AddEventHandlerComponent: PlayMakerCollisionEnter2D

AddEventHandlerComponent: PlayMakerFixedUpdate

AddEventHandlerComponent: PlayMakerFixedUpdate

AddEventHandlerComponent: PlayMakerFixedUpdate

AddEventHandlerComponent: PlayMakerFixedUpdate

AddEventHandlerComponent: PlayMakerFixedUpdate

AddEventHandlerComponent: PlayMakerFixedUpdate

AddEventHandlerComponent: PlayMakerFixedUpdate

AddEventHandlerComponent: PlayMakerFixedUpdate

AddEventHandlerComponent: PlayMakerFixedUpdate

AddEventHandlerComponent: PlayMakerFixedUpdate

AddEventHandlerComponent: PlayMakerFixedUpdate

AddEventHandlerComponent: PlayMakerFixedUpdate

AddEventHandlerComponent: PlayMakerFixedUpdate

AddEventHandlerComponent: PlayMakerFixedUpdate

AddEventHandlerComponent: PlayMakerFixedUpdate

AddEventHandlerComponent: PlayMakerFixedUpdate

AddEventHandlerComponent: PlayMakerFixedUpdate

AddEventHandlerComponent: PlayMakerFixedUpdate

AddEventHandlerComponent: PlayMakerFixedUpdate

AddEventHandlerComponent: PlayMakerCollisionEnter2D

AddEventHandlerComponent: PlayMakerFixedUpdate

AddEventHandlerComponent: PlayMakerFixedUpdate

AddEventHandlerComponent: PlayMakerFixedUpdate

AddEventHandlerComponent: PlayMakerFixedUpdate

AddEventHandlerComponent: PlayMakerFixedUpdate

AddEventHandlerComponent: PlayMakerFixedUpdate

AddEventHandlerComponent: PlayMakerFixedUpdate

AddEventHandlerComponent: PlayMakerFixedUpdate

AddEventHandlerComponent: PlayMakerFixedUpdate

AddEventHandlerComponent: PlayMakerFixedUpdate

AddEventHandlerComponent: PlayMakerFixedUpdate

AddEventHandlerComponent: PlayMakerFixedUpdate

Deferring level start (marked as manual).

Unloading 32 Unused Serialized files (Serialized files now loaded: 0)

Unloading 760 unused Assets to reduce memory usage. Loaded Objects now: 60495.
Total: 291.204300 ms (FindLiveObjects: 23.477700 ms CreateObjectMapping: 2.554300 ms MarkObjects: 262.750100 ms  DeleteObjects: 2.420700 ms)

Unable to get achievement STAG_STATION_HALF, because GOG is not authenticated.

Unable to push achievement STAG_STATION_HALF, because GOG is not authenticated.

Unable to get achievement GRUBFRIEND, because GOG is not authenticated.

Unable to push achievement GRUBFRIEND, because GOG is not authenticated.

Unable to get achievement CHARMED, because GOG is not authenticated.

Unable to push achievement CHARMED, because GOG is not authenticated.

Unable to get achievement ENCHANTED, because GOG is not authenticated.

Unable to push achievement ENCHANTED, because GOG is not authenticated.

Unable to get achievement SOULFUL, because GOG is not authenticated.

Unable to push achievement SOULFUL, because GOG is not authenticated.

Unable to get achievement WORLDSOUL, because GOG is not authenticated.

Unable to push achievement WORLDSOUL, because GOG is not authenticated.

Unable to get achievement PROTECTED, because GOG is not authenticated.

Unable to push achievement PROTECTED, because GOG is not authenticated.

Unable to get achievement ATTUNEMENT, because GOG is not authenticated.

Unable to push achievement ATTUNEMENT, because GOG is not authenticated.

Unable to get achievement HORNET_1, because GOG is not authenticated.

Unable to push achievement HORNET_1, because GOG is not authenticated.

Unable to get achievement HORNET_2, because GOG is not authenticated.

Unable to push achievement HORNET_2, because GOG is not authenticated.

Unable to get achievement SOUL_MASTER_DEFEAT, because GOG is not authenticated.

Unable to push achievement SOUL_MASTER_DEFEAT, because GOG is not authenticated.

Unable to get achievement BROKEN_VESSEL, because GOG is not authenticated.

Unable to push achievement BROKEN_VESSEL, because GOG is not authenticated.

Unable to get achievement DUNG_DEFENDER, because GOG is not authenticated.

Unable to push achievement DUNG_DEFENDER, because GOG is not authenticated.

Unable to get achievement MANTIS_LORDS, because GOG is not authenticated.

Unable to push achievement MANTIS_LORDS, because GOG is not authenticated.

Unable to get achievement COLLECTOR, because GOG is not authenticated.

Unable to push achievement COLLECTOR, because GOG is not authenticated.

Unable to get achievement BEAST, because GOG is not authenticated.

Unable to push achievement BEAST, because GOG is not authenticated.

Unable to get achievement WATCHER, because GOG is not authenticated.

Unable to push achievement WATCHER, because GOG is not authenticated.

Persistent Bool Item - Couldn't reset value on FSM because it's missing.

Persistent Bool Item - Couldn't reset value on FSM because it's missing.

Coroutine couldn't be started because the the game object 'Arrow Prompt New(Clone)' is inactive!

AddEventHandlerComponent: PlayMakerFixedUpdate

AddEventHandlerComponent: PlayMakerFixedUpdate

AddEventHandlerComponent: PlayMakerFixedUpdate

AddEventHandlerComponent: PlayMakerFixedUpdate

AddEventHandlerComponent: PlayMakerFixedUpdate

AddEventHandlerComponent: PlayMakerFixedUpdate

AddEventHandlerComponent: PlayMakerFixedUpdate

AddEventHandlerComponent: PlayMakerFixedUpdate

AddEventHandlerComponent: PlayMakerFixedUpdate

AddEventHandlerComponent: PlayMakerCollisionEnter2D

AddEventHandlerComponent: PlayMakerFixedUpdate

AddEventHandlerComponent: PlayMakerFixedUpdate

AddEventHandlerComponent: PlayMakerFixedUpdate

AddEventHandlerComponent: PlayMakerFixedUpdate

AddEventHandlerComponent: PlayMakerFixedUpdate

AddEventHandlerComponent: PlayMakerFixedUpdate

AddEventHandlerComponent: PlayMakerFixedUpdate

AddEventHandlerComponent: PlayMakerFixedUpdate

AddEventHandlerComponent: PlayMakerFixedUpdate

AddEventHandlerComponent: PlayMakerCollisionEnter2D

AddEventHandlerComponent: PlayMakerFixedUpdate

AddEventHandlerComponent: PlayMakerFixedUpdate

AddEventHandlerComponent: PlayMakerFixedUpdate

AddEventHandlerComponent: PlayMakerFixedUpdate

AddEventHandlerComponent: PlayMakerFixedUpdate

AddEventHandlerComponent: PlayMakerFixedUpdate

AddEventHandlerComponent: PlayMakerFixedUpdate

AddEventHandlerComponent: PlayMakerCollisionEnter2D

AddEventHandlerComponent: PlayMakerFixedUpdate

AddEventHandlerComponent: PlayMakerFixedUpdate

AddEventHandlerComponent: PlayMakerFixedUpdate

AddEventHandlerComponent: PlayMakerFixedUpdate

AddEventHandlerComponent: PlayMakerFixedUpdate

AddEventHandlerComponent: PlayMakerFixedUpdate

AddEventHandlerComponent: PlayMakerCollisionEnter2D

AddEventHandlerComponent: PlayMakerFixedUpdate

AddEventHandlerComponent: PlayMakerFixedUpdate

AddEventHandlerComponent: PlayMakerFixedUpdate

AddEventHandlerComponent: PlayMakerFixedUpdate

AddEventHandlerComponent: PlayMakerFixedUpdate

AddEventHandlerComponent: PlayMakerFixedUpdate

AddEventHandlerComponent: PlayMakerFixedUpdate

AddEventHandlerComponent: PlayMakerFixedUpdate

AddEventHandlerComponent: PlayMakerFixedUpdate

AddEventHandlerComponent: PlayMakerFixedUpdate

AddEventHandlerComponent: PlayMakerFixedUpdate

AddEventHandlerComponent: PlayMakerFixedUpdate

AddEventHandlerComponent: PlayMakerFixedUpdate

AddEventHandlerComponent: PlayMakerFixedUpdate

AddEventHandlerComponent: PlayMakerFixedUpdate

AddEventHandlerComponent: PlayMakerFixedUpdate

AddEventHandlerComponent: PlayMakerFixedUpdate

AddEventHandlerComponent: PlayMakerFixedUpdate

AddEventHandlerComponent: PlayMakerFixedUpdate

AddEventHandlerComponent: PlayMakerCollisionEnter2D

AddEventHandlerComponent: PlayMakerFixedUpdate

AddEventHandlerComponent: PlayMakerFixedUpdate

AddEventHandlerComponent: PlayMakerFixedUpdate

AddEventHandlerComponent: PlayMakerFixedUpdate

AddEventHandlerComponent: PlayMakerFixedUpdate

AddEventHandlerComponent: PlayMakerFixedUpdate

AddEventHandlerComponent: PlayMakerFixedUpdate

AddEventHandlerComponent: PlayMakerFixedUpdate

AddEventHandlerComponent: PlayMakerCollisionEnter2D

AddEventHandlerComponent: PlayMakerFixedUpdate

AddEventHandlerComponent: PlayMakerFixedUpdate

AddEventHandlerComponent: PlayMakerFixedUpdate

Deferring level start (marked as manual).

Unloading 27 Unused Serialized files (Serialized files now loaded: 0)

Unloading 174 unused Assets to reduce memory usage. Loaded Objects now: 62813.
Total: 307.079500 ms (FindLiveObjects: 15.015300 ms CreateObjectMapping: 2.518900 ms MarkObjects: 288.721500 ms  DeleteObjects: 0.823100 ms)

Unable to get achievement ATTUNEMENT, because GOG is not authenticated.

Unable to push achievement ATTUNEMENT, because GOG is not authenticated.

PlayOneShot was called with a null AudioClip.

PlayOneShot was called with a null AudioClip.

AddEventHandlerComponent: PlayMakerFixedUpdate

AddEventHandlerComponent: PlayMakerFixedUpdate

AddEventHandlerComponent: PlayMakerFixedUpdate

AddEventHandlerComponent: PlayMakerFixedUpdate

AddEventHandlerComponent: PlayMakerFixedUpdate

AddEventHandlerComponent: PlayMakerFixedUpdate

AddEventHandlerComponent: PlayMakerFixedUpdate

AddEventHandlerComponent: PlayMakerFixedUpdate

AddEventHandlerComponent: PlayMakerFixedUpdate

AddEventHandlerComponent: PlayMakerFixedUpdate

AddEventHandlerComponent: PlayMakerFixedUpdate

Deferring level start (marked as manual).

AddEventHandlerComponent: PlayMakerFixedUpdate

AddEventHandlerComponent: PlayMakerFixedUpdate

PlayOneShot was called with a null AudioClip.

AddEventHandlerComponent: PlayMakerFixedUpdate

AddEventHandlerComponent: PlayMakerFixedUpdate

AddEventHandlerComponent: PlayMakerFixedUpdate

AddEventHandlerComponent: PlayMakerFixedUpdate

AddEventHandlerComponent: PlayMakerFixedUpdate

AddEventHandlerComponent: PlayMakerFixedUpdate

AddEventHandlerComponent: PlayMakerFixedUpdate

AddEventHandlerComponent: PlayMakerFixedUpdate

AddEventHandlerComponent: PlayMakerFixedUpdate

AddEventHandlerComponent: PlayMakerFixedUpdate

AddEventHandlerComponent: PlayMakerFixedUpdate

AddEventHandlerComponent: PlayMakerFixedUpdate

AddEventHandlerComponent: PlayMakerFixedUpdate

AddEventHandlerComponent: PlayMakerFixedUpdate

AddEventHandlerComponent: PlayMakerFixedUpdate

AddEventHandlerComponent: PlayMakerFixedUpdate

Object Pool attached to GlobalPool has run out of Audio Player NoDestroy prefabs, Instantiating an additional one.

AddEventHandlerComponent: PlayMakerCollisionEnter2D

AddEventHandlerComponent: PlayMakerFixedUpdate

AddEventHandlerComponent: PlayMakerFixedUpdate

AddEventHandlerComponent: PlayMakerFixedUpdate

AddEventHandlerComponent: PlayMakerFixedUpdate

AddEventHandlerComponent: PlayMakerFixedUpdate

AddEventHandlerComponent: PlayMakerFixedUpdate

AddEventHandlerComponent: PlayMakerFixedUpdate

AddEventHandlerComponent: PlayMakerFixedUpdate

AddEventHandlerComponent: PlayMakerFixedUpdate

AddEventHandlerComponent: PlayMakerFixedUpdate

AddEventHandlerComponent: PlayMakerFixedUpdate

AddEventHandlerComponent: PlayMakerFixedUpdate

AddEventHandlerComponent: PlayMakerFixedUpdate

AddEventHandlerComponent: PlayMakerFixedUpdate

AddEventHandlerComponent: PlayMakerFixedUpdate

AddEventHandlerComponent: PlayMakerFixedUpdate

AddEventHandlerComponent: PlayMakerFixedUpdate

AddEventHandlerComponent: PlayMakerFixedUpdate

AddEventHandlerComponent: PlayMakerFixedUpdate

AddEventHandlerComponent: PlayMakerCollisionEnter2D

AddEventHandlerComponent: PlayMakerFixedUpdate

AddEventHandlerComponent: PlayMakerFixedUpdate

AddEventHandlerComponent: PlayMakerFixedUpdate

AddEventHandlerComponent: PlayMakerFixedUpdate

AddEventHandlerComponent: PlayMakerFixedUpdate

AddEventHandlerComponent: PlayMakerFixedUpdate

AddEventHandlerComponent: PlayMakerFixedUpdate

AddEventHandlerComponent: PlayMakerFixedUpdate

AddEventHandlerComponent: PlayMakerFixedUpdate

AddEventHandlerComponent: PlayMakerFixedUpdate

AddEventHandlerComponent: PlayMakerFixedUpdate

AddEventHandlerComponent: PlayMakerFixedUpdate

Deferring level start (marked as manual).

Unloading 32 Unused Serialized files (Serialized files now loaded: 0)

Unloading 757 unused Assets to reduce memory usage. Loaded Objects now: 60512.
Total: 270.428100 ms (FindLiveObjects: 22.568600 ms CreateObjectMapping: 2.772000 ms MarkObjects: 243.002900 ms  DeleteObjects: 2.083200 ms)

Unable to get achievement STAG_STATION_HALF, because GOG is not authenticated.

Unable to push achievement STAG_STATION_HALF, because GOG is not authenticated.

Unable to get achievement GRUBFRIEND, because GOG is not authenticated.

Unable to push achievement GRUBFRIEND, because GOG is not authenticated.

Unable to get achievement CHARMED, because GOG is not authenticated.

Unable to push achievement CHARMED, because GOG is not authenticated.

Unable to get achievement ENCHANTED, because GOG is not authenticated.

Unable to push achievement ENCHANTED, because GOG is not authenticated.

Unable to get achievement SOULFUL, because GOG is not authenticated.

Unable to push achievement SOULFUL, because GOG is not authenticated.

Unable to get achievement WORLDSOUL, because GOG is not authenticated.

Unable to push achievement WORLDSOUL, because GOG is not authenticated.

Unable to get achievement PROTECTED, because GOG is not authenticated.

Unable to push achievement PROTECTED, because GOG is not authenticated.

Unable to get achievement ATTUNEMENT, because GOG is not authenticated.

Unable to push achievement ATTUNEMENT, because GOG is not authenticated.

Unable to get achievement HORNET_1, because GOG is not authenticated.

Unable to push achievement HORNET_1, because GOG is not authenticated.

Unable to get achievement HORNET_2, because GOG is not authenticated.

Unable to push achievement HORNET_2, because GOG is not authenticated.

Unable to get achievement SOUL_MASTER_DEFEAT, because GOG is not authenticated.

Unable to push achievement SOUL_MASTER_DEFEAT, because GOG is not authenticated.

Unable to get achievement BROKEN_VESSEL, because GOG is not authenticated.

Unable to push achievement BROKEN_VESSEL, because GOG is not authenticated.

Unable to get achievement DUNG_DEFENDER, because GOG is not authenticated.

Unable to push achievement DUNG_DEFENDER, because GOG is not authenticated.

Unable to get achievement MANTIS_LORDS, because GOG is not authenticated.

Unable to push achievement MANTIS_LORDS, because GOG is not authenticated.

Unable to get achievement COLLECTOR, because GOG is not authenticated.

Unable to push achievement COLLECTOR, because GOG is not authenticated.

Unable to get achievement BEAST, because GOG is not authenticated.

Unable to push achievement BEAST, because GOG is not authenticated.

Unable to get achievement WATCHER, because GOG is not authenticated.

Unable to push achievement WATCHER, because GOG is not authenticated.

Persistent Bool Item - Couldn't reset value on FSM because it's missing.

Persistent Bool Item - Couldn't reset value on FSM because it's missing.

AddEventHandlerComponent: PlayMakerFixedUpdate

AddEventHandlerComponent: PlayMakerFixedUpdate

AddEventHandlerComponent: PlayMakerFixedUpdate

AddEventHandlerComponent: PlayMakerFixedUpdate

AddEventHandlerComponent: PlayMakerFixedUpdate

AddEventHandlerComponent: PlayMakerFixedUpdate

AddEventHandlerComponent: PlayMakerFixedUpdate

AddEventHandlerComponent: PlayMakerFixedUpdate

AddEventHandlerComponent: PlayMakerFixedUpdate

AddEventHandlerComponent: PlayMakerCollisionEnter2D

AddEventHandlerComponent: PlayMakerFixedUpdate

AddEventHandlerComponent: PlayMakerFixedUpdate

AddEventHandlerComponent: PlayMakerFixedUpdate

AddEventHandlerComponent: PlayMakerFixedUpdate

AddEventHandlerComponent: PlayMakerFixedUpdate

AddEventHandlerComponent: PlayMakerFixedUpdate

AddEventHandlerComponent: PlayMakerFixedUpdate

AddEventHandlerComponent: PlayMakerFixedUpdate

AddEventHandlerComponent: PlayMakerFixedUpdate

AddEventHandlerComponent: PlayMakerCollisionEnter2D

AddEventHandlerComponent: PlayMakerFixedUpdate

AddEventHandlerComponent: PlayMakerFixedUpdate

AddEventHandlerComponent: PlayMakerFixedUpdate

AddEventHandlerComponent: PlayMakerFixedUpdate

AddEventHandlerComponent: PlayMakerFixedUpdate

AddEventHandlerComponent: PlayMakerFixedUpdate

AddEventHandlerComponent: PlayMakerFixedUpdate

AddEventHandlerComponent: PlayMakerCollisionEnter2D

AddEventHandlerComponent: PlayMakerFixedUpdate

AddEventHandlerComponent: PlayMakerFixedUpdate

AddEventHandlerComponent: PlayMakerFixedUpdate

AddEventHandlerComponent: PlayMakerFixedUpdate

AddEventHandlerComponent: PlayMakerFixedUpdate

AddEventHandlerComponent: PlayMakerFixedUpdate

AddEventHandlerComponent: PlayMakerCollisionEnter2D

AddEventHandlerComponent: PlayMakerFixedUpdate

AddEventHandlerComponent: PlayMakerFixedUpdate

AddEventHandlerComponent: PlayMakerFixedUpdate

AddEventHandlerComponent: PlayMakerFixedUpdate

AddEventHandlerComponent: PlayMakerFixedUpdate

AddEventHandlerComponent: PlayMakerFixedUpdate

AddEventHandlerComponent: PlayMakerFixedUpdate

AddEventHandlerComponent: PlayMakerFixedUpdate

AddEventHandlerComponent: PlayMakerFixedUpdate

AddEventHandlerComponent: PlayMakerFixedUpdate

AddEventHandlerComponent: PlayMakerFixedUpdate

AddEventHandlerComponent: PlayMakerFixedUpdate

AddEventHandlerComponent: PlayMakerFixedUpdate

AddEventHandlerComponent: PlayMakerFixedUpdate

AddEventHandlerComponent: PlayMakerFixedUpdate

AddEventHandlerComponent: PlayMakerFixedUpdate

AddEventHandlerComponent: PlayMakerFixedUpdate

AddEventHandlerComponent: PlayMakerFixedUpdate

AddEventHandlerComponent: PlayMakerFixedUpdate

AddEventHandlerComponent: PlayMakerCollisionEnter2D

AddEventHandlerComponent: PlayMakerFixedUpdate

AddEventHandlerComponent: PlayMakerFixedUpdate

AddEventHandlerComponent: PlayMakerFixedUpdate

AddEventHandlerComponent: PlayMakerFixedUpdate

AddEventHandlerComponent: PlayMakerFixedUpdate

AddEventHandlerComponent: PlayMakerFixedUpdate

AddEventHandlerComponent: PlayMakerFixedUpdate

AddEventHandlerComponent: PlayMakerFixedUpdate

AddEventHandlerComponent: PlayMakerCollisionEnter2D

AddEventHandlerComponent: PlayMakerFixedUpdate

AddEventHandlerComponent: PlayMakerFixedUpdate

AddEventHandlerComponent: PlayMakerFixedUpdate

Deferring level start (marked as manual).

Unloading 27 Unused Serialized files (Serialized files now loaded: 0)

Unloading 174 unused Assets to reduce memory usage. Loaded Objects now: 62828.
Total: 283.157700 ms (FindLiveObjects: 15.754600 ms CreateObjectMapping: 2.659800 ms MarkObjects: 263.924800 ms  DeleteObjects: 0.817900 ms)

Unable to get achievement ATTUNEMENT, because GOG is not authenticated.

Unable to push achievement ATTUNEMENT, because GOG is not authenticated.

PlayOneShot was called with a null AudioClip.

PlayOneShot was called with a null AudioClip.

Object Pool attached to GlobalPool has run out of Slash Impact R prefabs, Instantiating an additional one.

Object Pool attached to GlobalPool has run out of Strike Nail R prefabs, Instantiating an additional one.

AddEventHandlerComponent: PlayMakerFixedUpdate

AddEventHandlerComponent: PlayMakerFixedUpdate

AddEventHandlerComponent: PlayMakerFixedUpdate

AddEventHandlerComponent: PlayMakerFixedUpdate

AddEventHandlerComponent: PlayMakerFixedUpdate

AddEventHandlerComponent: PlayMakerFixedUpdate

AddEventHandlerComponent: PlayMakerFixedUpdate

AddEventHandlerComponent: PlayMakerFixedUpdate

AddEventHandlerComponent: PlayMakerFixedUpdate

AddEventHandlerComponent: PlayMakerFixedUpdate

AddEventHandlerComponent: PlayMakerFixedUpdate

Deferring level start (marked as manual).

AddEventHandlerComponent: PlayMakerFixedUpdate

AddEventHandlerComponent: PlayMakerFixedUpdate

PlayOneShot was called with a null AudioClip.

AddEventHandlerComponent: PlayMakerFixedUpdate

AddEventHandlerComponent: PlayMakerFixedUpdate

AddEventHandlerComponent: PlayMakerFixedUpdate

AddEventHandlerComponent: PlayMakerFixedUpdate

AddEventHandlerComponent: PlayMakerFixedUpdate

AddEventHandlerComponent: PlayMakerFixedUpdate

AddEventHandlerComponent: PlayMakerFixedUpdate

AddEventHandlerComponent: PlayMakerFixedUpdate

AddEventHandlerComponent: PlayMakerFixedUpdate

AddEventHandlerComponent: PlayMakerFixedUpdate

AddEventHandlerComponent: PlayMakerFixedUpdate

AddEventHandlerComponent: PlayMakerFixedUpdate

Object Pool attached to GlobalPool has run out of Run Effects prefabs, Instantiating an additional one.

Object Pool attached to GlobalPool has run out of Audio Player NoDestroy prefabs, Instantiating an additional one.

AddEventHandlerComponent: PlayMakerCollisionEnter2D

AddEventHandlerComponent: PlayMakerFixedUpdate

AddEventHandlerComponent: PlayMakerFixedUpdate

AddEventHandlerComponent: PlayMakerFixedUpdate

AddEventHandlerComponent: PlayMakerFixedUpdate

AddEventHandlerComponent: PlayMakerFixedUpdate

AddEventHandlerComponent: PlayMakerFixedUpdate

AddEventHandlerComponent: PlayMakerFixedUpdate

AddEventHandlerComponent: PlayMakerFixedUpdate

AddEventHandlerComponent: PlayMakerFixedUpdate

AddEventHandlerComponent: PlayMakerFixedUpdate

AddEventHandlerComponent: PlayMakerFixedUpdate

AddEventHandlerComponent: PlayMakerFixedUpdate

AddEventHandlerComponent: PlayMakerFixedUpdate

AddEventHandlerComponent: PlayMakerFixedUpdate

AddEventHandlerComponent: PlayMakerFixedUpdate

AddEventHandlerComponent: PlayMakerFixedUpdate

AddEventHandlerComponent: PlayMakerFixedUpdate

AddEventHandlerComponent: PlayMakerFixedUpdate

AddEventHandlerComponent: PlayMakerFixedUpdate

AddEventHandlerComponent: PlayMakerCollisionEnter2D

AddEventHandlerComponent: PlayMakerFixedUpdate

AddEventHandlerComponent: PlayMakerFixedUpdate

AddEventHandlerComponent: PlayMakerFixedUpdate

AddEventHandlerComponent: PlayMakerFixedUpdate

AddEventHandlerComponent: PlayMakerFixedUpdate

AddEventHandlerComponent: PlayMakerFixedUpdate

AddEventHandlerComponent: PlayMakerFixedUpdate

AddEventHandlerComponent: PlayMakerFixedUpdate

AddEventHandlerComponent: PlayMakerFixedUpdate

AddEventHandlerComponent: PlayMakerFixedUpdate

AddEventHandlerComponent: PlayMakerFixedUpdate

AddEventHandlerComponent: PlayMakerFixedUpdate

Deferring level start (marked as manual).

Unloading 32 Unused Serialized files (Serialized files now loaded: 0)

Unloading 757 unused Assets to reduce memory usage. Loaded Objects now: 60577.
Total: 291.082400 ms (FindLiveObjects: 22.611600 ms CreateObjectMapping: 2.923000 ms MarkObjects: 263.458200 ms  DeleteObjects: 2.088700 ms)

Unable to get achievement STAG_STATION_HALF, because GOG is not authenticated.

Unable to push achievement STAG_STATION_HALF, because GOG is not authenticated.

Unable to get achievement GRUBFRIEND, because GOG is not authenticated.

Unable to push achievement GRUBFRIEND, because GOG is not authenticated.

Unable to get achievement CHARMED, because GOG is not authenticated.

Unable to push achievement CHARMED, because GOG is not authenticated.

Unable to get achievement ENCHANTED, because GOG is not authenticated.

Unable to push achievement ENCHANTED, because GOG is not authenticated.

Unable to get achievement SOULFUL, because GOG is not authenticated.

Unable to push achievement SOULFUL, because GOG is not authenticated.

Unable to get achievement WORLDSOUL, because GOG is not authenticated.

Unable to push achievement WORLDSOUL, because GOG is not authenticated.

Unable to get achievement PROTECTED, because GOG is not authenticated.

Unable to push achievement PROTECTED, because GOG is not authenticated.

Unable to get achievement ATTUNEMENT, because GOG is not authenticated.

Unable to push achievement ATTUNEMENT, because GOG is not authenticated.

Unable to get achievement HORNET_1, because GOG is not authenticated.

Unable to push achievement HORNET_1, because GOG is not authenticated.

Unable to get achievement HORNET_2, because GOG is not authenticated.

Unable to push achievement HORNET_2, because GOG is not authenticated.

Unable to get achievement SOUL_MASTER_DEFEAT, because GOG is not authenticated.

Unable to push achievement SOUL_MASTER_DEFEAT, because GOG is not authenticated.

Unable to get achievement BROKEN_VESSEL, because GOG is not authenticated.

Unable to push achievement BROKEN_VESSEL, because GOG is not authenticated.

Unable to get achievement DUNG_DEFENDER, because GOG is not authenticated.

Unable to push achievement DUNG_DEFENDER, because GOG is not authenticated.

Unable to get achievement MANTIS_LORDS, because GOG is not authenticated.

Unable to push achievement MANTIS_LORDS, because GOG is not authenticated.

Unable to get achievement COLLECTOR, because GOG is not authenticated.

Unable to push achievement COLLECTOR, because GOG is not authenticated.

Unable to get achievement BEAST, because GOG is not authenticated.

Unable to push achievement BEAST, because GOG is not authenticated.

Unable to get achievement WATCHER, because GOG is not authenticated.

Unable to push achievement WATCHER, because GOG is not authenticated.

Persistent Bool Item - Couldn't reset value on FSM because it's missing.

Persistent Bool Item - Couldn't reset value on FSM because it's missing.

AddEventHandlerComponent: PlayMakerFixedUpdate

AddEventHandlerComponent: PlayMakerFixedUpdate

AddEventHandlerComponent: PlayMakerFixedUpdate

AddEventHandlerComponent: PlayMakerFixedUpdate

AddEventHandlerComponent: PlayMakerFixedUpdate

AddEventHandlerComponent: PlayMakerFixedUpdate

AddEventHandlerComponent: PlayMakerFixedUpdate

AddEventHandlerComponent: PlayMakerFixedUpdate

AddEventHandlerComponent: PlayMakerFixedUpdate

AddEventHandlerComponent: PlayMakerCollisionEnter2D

AddEventHandlerComponent: PlayMakerFixedUpdate

AddEventHandlerComponent: PlayMakerFixedUpdate

AddEventHandlerComponent: PlayMakerFixedUpdate

AddEventHandlerComponent: PlayMakerFixedUpdate

AddEventHandlerComponent: PlayMakerFixedUpdate

AddEventHandlerComponent: PlayMakerFixedUpdate

AddEventHandlerComponent: PlayMakerFixedUpdate

AddEventHandlerComponent: PlayMakerFixedUpdate

AddEventHandlerComponent: PlayMakerFixedUpdate

AddEventHandlerComponent: PlayMakerCollisionEnter2D

AddEventHandlerComponent: PlayMakerFixedUpdate

AddEventHandlerComponent: PlayMakerFixedUpdate

AddEventHandlerComponent: PlayMakerFixedUpdate

AddEventHandlerComponent: PlayMakerFixedUpdate

AddEventHandlerComponent: PlayMakerFixedUpdate

AddEventHandlerComponent: PlayMakerFixedUpdate

AddEventHandlerComponent: PlayMakerFixedUpdate

AddEventHandlerComponent: PlayMakerCollisionEnter2D

AddEventHandlerComponent: PlayMakerFixedUpdate

AddEventHandlerComponent: PlayMakerFixedUpdate

AddEventHandlerComponent: PlayMakerFixedUpdate

AddEventHandlerComponent: PlayMakerFixedUpdate

AddEventHandlerComponent: PlayMakerFixedUpdate

AddEventHandlerComponent: PlayMakerFixedUpdate

AddEventHandlerComponent: PlayMakerCollisionEnter2D

AddEventHandlerComponent: PlayMakerFixedUpdate

AddEventHandlerComponent: PlayMakerFixedUpdate

AddEventHandlerComponent: PlayMakerFixedUpdate

AddEventHandlerComponent: PlayMakerFixedUpdate

AddEventHandlerComponent: PlayMakerFixedUpdate

AddEventHandlerComponent: PlayMakerFixedUpdate

AddEventHandlerComponent: PlayMakerFixedUpdate

AddEventHandlerComponent: PlayMakerFixedUpdate

AddEventHandlerComponent: PlayMakerFixedUpdate

AddEventHandlerComponent: PlayMakerFixedUpdate

AddEventHandlerComponent: PlayMakerFixedUpdate

AddEventHandlerComponent: PlayMakerFixedUpdate

AddEventHandlerComponent: PlayMakerFixedUpdate

AddEventHandlerComponent: PlayMakerFixedUpdate

AddEventHandlerComponent: PlayMakerFixedUpdate

AddEventHandlerComponent: PlayMakerFixedUpdate

AddEventHandlerComponent: PlayMakerFixedUpdate

AddEventHandlerComponent: PlayMakerFixedUpdate

AddEventHandlerComponent: PlayMakerFixedUpdate

AddEventHandlerComponent: PlayMakerCollisionEnter2D

AddEventHandlerComponent: PlayMakerFixedUpdate

AddEventHandlerComponent: PlayMakerFixedUpdate

AddEventHandlerComponent: PlayMakerFixedUpdate

AddEventHandlerComponent: PlayMakerFixedUpdate

AddEventHandlerComponent: PlayMakerFixedUpdate

AddEventHandlerComponent: PlayMakerFixedUpdate

AddEventHandlerComponent: PlayMakerFixedUpdate

AddEventHandlerComponent: PlayMakerFixedUpdate

AddEventHandlerComponent: PlayMakerCollisionEnter2D

AddEventHandlerComponent: PlayMakerFixedUpdate

AddEventHandlerComponent: PlayMakerFixedUpdate

AddEventHandlerComponent: PlayMakerFixedUpdate

Deferring level start (marked as manual).

Unloading 27 Unused Serialized files (Serialized files now loaded: 0)

Unloading 174 unused Assets to reduce memory usage. Loaded Objects now: 62893.
Total: 279.009900 ms (FindLiveObjects: 14.800400 ms CreateObjectMapping: 2.629000 ms MarkObjects: 260.709200 ms  DeleteObjects: 0.867800 ms)

Unable to get achievement ATTUNEMENT, because GOG is not authenticated.

Unable to push achievement ATTUNEMENT, because GOG is not authenticated.

PlayOneShot was called with a null AudioClip.

PlayOneShot was called with a null AudioClip.

AddEventHandlerComponent: PlayMakerFixedUpdate

AddEventHandlerComponent: PlayMakerFixedUpdate

AddEventHandlerComponent: PlayMakerFixedUpdate

AddEventHandlerComponent: PlayMakerFixedUpdate

AddEventHandlerComponent: PlayMakerFixedUpdate

AddEventHandlerComponent: PlayMakerFixedUpdate

AddEventHandlerComponent: PlayMakerFixedUpdate

AddEventHandlerComponent: PlayMakerFixedUpdate

AddEventHandlerComponent: PlayMakerFixedUpdate

AddEventHandlerComponent: PlayMakerFixedUpdate

AddEventHandlerComponent: PlayMakerFixedUpdate

Deferring level start (marked as manual).

AddEventHandlerComponent: PlayMakerFixedUpdate

AddEventHandlerComponent: PlayMakerFixedUpdate

PlayOneShot was called with a null AudioClip.

AddEventHandlerComponent: PlayMakerFixedUpdate

AddEventHandlerComponent: PlayMakerFixedUpdate

AddEventHandlerComponent: PlayMakerFixedUpdate

AddEventHandlerComponent: PlayMakerFixedUpdate

AddEventHandlerComponent: PlayMakerFixedUpdate

AddEventHandlerComponent: PlayMakerFixedUpdate

AddEventHandlerComponent: PlayMakerFixedUpdate

AddEventHandlerComponent: PlayMakerFixedUpdate

AddEventHandlerComponent: PlayMakerFixedUpdate

AddEventHandlerComponent: PlayMakerFixedUpdate

AddEventHandlerComponent: PlayMakerFixedUpdate

AddEventHandlerComponent: PlayMakerFixedUpdate

AddEventHandlerComponent: PlayMakerFixedUpdate

AddEventHandlerComponent: PlayMakerFixedUpdate

Object Pool attached to GlobalPool has run out of Audio Player NoDestroy prefabs, Instantiating an additional one.

AddEventHandlerComponent: PlayMakerCollisionEnter2D

AddEventHandlerComponent: PlayMakerFixedUpdate

AddEventHandlerComponent: PlayMakerFixedUpdate

AddEventHandlerComponent: PlayMakerFixedUpdate

AddEventHandlerComponent: PlayMakerFixedUpdate

AddEventHandlerComponent: PlayMakerFixedUpdate

AddEventHandlerComponent: PlayMakerFixedUpdate

AddEventHandlerComponent: PlayMakerFixedUpdate

AddEventHandlerComponent: PlayMakerFixedUpdate

AddEventHandlerComponent: PlayMakerFixedUpdate

AddEventHandlerComponent: PlayMakerFixedUpdate

AddEventHandlerComponent: PlayMakerFixedUpdate

AddEventHandlerComponent: PlayMakerFixedUpdate

AddEventHandlerComponent: PlayMakerFixedUpdate

AddEventHandlerComponent: PlayMakerFixedUpdate

AddEventHandlerComponent: PlayMakerFixedUpdate

AddEventHandlerComponent: PlayMakerFixedUpdate

AddEventHandlerComponent: PlayMakerFixedUpdate

AddEventHandlerComponent: PlayMakerFixedUpdate

AddEventHandlerComponent: PlayMakerFixedUpdate

AddEventHandlerComponent: PlayMakerCollisionEnter2D

AddEventHandlerComponent: PlayMakerFixedUpdate

AddEventHandlerComponent: PlayMakerFixedUpdate

AddEventHandlerComponent: PlayMakerFixedUpdate

AddEventHandlerComponent: PlayMakerFixedUpdate

AddEventHandlerComponent: PlayMakerFixedUpdate

AddEventHandlerComponent: PlayMakerFixedUpdate

AddEventHandlerComponent: PlayMakerFixedUpdate

AddEventHandlerComponent: PlayMakerFixedUpdate

AddEventHandlerComponent: PlayMakerFixedUpdate

AddEventHandlerComponent: PlayMakerFixedUpdate

AddEventHandlerComponent: PlayMakerFixedUpdate

AddEventHandlerComponent: PlayMakerFixedUpdate

Deferring level start (marked as manual).

Unloading 32 Unused Serialized files (Serialized files now loaded: 0)

Unloading 759 unused Assets to reduce memory usage. Loaded Objects now: 60608.
Total: 395.668500 ms (FindLiveObjects: 26.037300 ms CreateObjectMapping: 3.275800 ms MarkObjects: 363.607100 ms  DeleteObjects: 2.743200 ms)

Unable to get achievement STAG_STATION_HALF, because GOG is not authenticated.

Unable to push achievement STAG_STATION_HALF, because GOG is not authenticated.

Unable to get achievement GRUBFRIEND, because GOG is not authenticated.

Unable to push achievement GRUBFRIEND, because GOG is not authenticated.

Unable to get achievement CHARMED, because GOG is not authenticated.

Unable to push achievement CHARMED, because GOG is not authenticated.

Unable to get achievement ENCHANTED, because GOG is not authenticated.

Unable to push achievement ENCHANTED, because GOG is not authenticated.

Unable to get achievement SOULFUL, because GOG is not authenticated.

Unable to push achievement SOULFUL, because GOG is not authenticated.

Unable to get achievement WORLDSOUL, because GOG is not authenticated.

Unable to push achievement WORLDSOUL, because GOG is not authenticated.

Unable to get achievement PROTECTED, because GOG is not authenticated.

Unable to push achievement PROTECTED, because GOG is not authenticated.

Unable to get achievement ATTUNEMENT, because GOG is not authenticated.

Unable to push achievement ATTUNEMENT, because GOG is not authenticated.

Unable to get achievement HORNET_1, because GOG is not authenticated.

Unable to push achievement HORNET_1, because GOG is not authenticated.

Unable to get achievement HORNET_2, because GOG is not authenticated.

Unable to push achievement HORNET_2, because GOG is not authenticated.

Unable to get achievement SOUL_MASTER_DEFEAT, because GOG is not authenticated.

Unable to push achievement SOUL_MASTER_DEFEAT, because GOG is not authenticated.

Unable to get achievement BROKEN_VESSEL, because GOG is not authenticated.

Unable to push achievement BROKEN_VESSEL, because GOG is not authenticated.

Unable to get achievement DUNG_DEFENDER, because GOG is not authenticated.

Unable to push achievement DUNG_DEFENDER, because GOG is not authenticated.

Unable to get achievement MANTIS_LORDS, because GOG is not authenticated.

Unable to push achievement MANTIS_LORDS, because GOG is not authenticated.

Unable to get achievement COLLECTOR, because GOG is not authenticated.

Unable to push achievement COLLECTOR, because GOG is not authenticated.

Unable to get achievement BEAST, because GOG is not authenticated.

Unable to push achievement BEAST, because GOG is not authenticated.

Unable to get achievement WATCHER, because GOG is not authenticated.

Unable to push achievement WATCHER, because GOG is not authenticated.

Persistent Bool Item - Couldn't reset value on FSM because it's missing.

Persistent Bool Item - Couldn't reset value on FSM because it's missing.

AddEventHandlerComponent: PlayMakerFixedUpdate

AddEventHandlerComponent: PlayMakerFixedUpdate

AddEventHandlerComponent: PlayMakerFixedUpdate

AddEventHandlerComponent: PlayMakerFixedUpdate

AddEventHandlerComponent: PlayMakerFixedUpdate

AddEventHandlerComponent: PlayMakerFixedUpdate

AddEventHandlerComponent: PlayMakerFixedUpdate

AddEventHandlerComponent: PlayMakerFixedUpdate

AddEventHandlerComponent: PlayMakerFixedUpdate

AddEventHandlerComponent: PlayMakerCollisionEnter2D

AddEventHandlerComponent: PlayMakerFixedUpdate

AddEventHandlerComponent: PlayMakerFixedUpdate

AddEventHandlerComponent: PlayMakerFixedUpdate

AddEventHandlerComponent: PlayMakerFixedUpdate

AddEventHandlerComponent: PlayMakerFixedUpdate

AddEventHandlerComponent: PlayMakerFixedUpdate

AddEventHandlerComponent: PlayMakerFixedUpdate

AddEventHandlerComponent: PlayMakerFixedUpdate

AddEventHandlerComponent: PlayMakerFixedUpdate

AddEventHandlerComponent: PlayMakerCollisionEnter2D

AddEventHandlerComponent: PlayMakerFixedUpdate

AddEventHandlerComponent: PlayMakerFixedUpdate

AddEventHandlerComponent: PlayMakerFixedUpdate

AddEventHandlerComponent: PlayMakerFixedUpdate

AddEventHandlerComponent: PlayMakerFixedUpdate

AddEventHandlerComponent: PlayMakerFixedUpdate

AddEventHandlerComponent: PlayMakerFixedUpdate

AddEventHandlerComponent: PlayMakerCollisionEnter2D

AddEventHandlerComponent: PlayMakerFixedUpdate

AddEventHandlerComponent: PlayMakerFixedUpdate

AddEventHandlerComponent: PlayMakerFixedUpdate

AddEventHandlerComponent: PlayMakerFixedUpdate

AddEventHandlerComponent: PlayMakerFixedUpdate

AddEventHandlerComponent: PlayMakerFixedUpdate

AddEventHandlerComponent: PlayMakerCollisionEnter2D

AddEventHandlerComponent: PlayMakerFixedUpdate

AddEventHandlerComponent: PlayMakerFixedUpdate

AddEventHandlerComponent: PlayMakerFixedUpdate

AddEventHandlerComponent: PlayMakerFixedUpdate

AddEventHandlerComponent: PlayMakerFixedUpdate

AddEventHandlerComponent: PlayMakerFixedUpdate

AddEventHandlerComponent: PlayMakerFixedUpdate

AddEventHandlerComponent: PlayMakerFixedUpdate

AddEventHandlerComponent: PlayMakerFixedUpdate

AddEventHandlerComponent: PlayMakerFixedUpdate

AddEventHandlerComponent: PlayMakerFixedUpdate

AddEventHandlerComponent: PlayMakerFixedUpdate

AddEventHandlerComponent: PlayMakerFixedUpdate

AddEventHandlerComponent: PlayMakerFixedUpdate

AddEventHandlerComponent: PlayMakerFixedUpdate

AddEventHandlerComponent: PlayMakerFixedUpdate

AddEventHandlerComponent: PlayMakerFixedUpdate

AddEventHandlerComponent: PlayMakerFixedUpdate

AddEventHandlerComponent: PlayMakerFixedUpdate

AddEventHandlerComponent: PlayMakerCollisionEnter2D

AddEventHandlerComponent: PlayMakerFixedUpdate

AddEventHandlerComponent: PlayMakerFixedUpdate

AddEventHandlerComponent: PlayMakerFixedUpdate

AddEventHandlerComponent: PlayMakerFixedUpdate

AddEventHandlerComponent: PlayMakerFixedUpdate

AddEventHandlerComponent: PlayMakerFixedUpdate

AddEventHandlerComponent: PlayMakerFixedUpdate

AddEventHandlerComponent: PlayMakerFixedUpdate

AddEventHandlerComponent: PlayMakerCollisionEnter2D

AddEventHandlerComponent: PlayMakerFixedUpdate

AddEventHandlerComponent: PlayMakerFixedUpdate

AddEventHandlerComponent: PlayMakerFixedUpdate

Deferring level start (marked as manual).

Unloading 27 Unused Serialized files (Serialized files now loaded: 0)

Unloading 174 unused Assets to reduce memory usage. Loaded Objects now: 62924.
Total: 289.241300 ms (FindLiveObjects: 15.029300 ms CreateObjectMapping: 2.435300 ms MarkObjects: 271.207200 ms  DeleteObjects: 0.568700 ms)

Unable to get achievement ATTUNEMENT, because GOG is not authenticated.

Unable to push achievement ATTUNEMENT, because GOG is not authenticated.

PlayOneShot was called with a null AudioClip.

PlayOneShot was called with a null AudioClip.

AddEventHandlerComponent: PlayMakerFixedUpdate

AddEventHandlerComponent: PlayMakerFixedUpdate

AddEventHandlerComponent: PlayMakerFixedUpdate

AddEventHandlerComponent: PlayMakerFixedUpdate

AddEventHandlerComponent: PlayMakerFixedUpdate

AddEventHandlerComponent: PlayMakerFixedUpdate

AddEventHandlerComponent: PlayMakerFixedUpdate

AddEventHandlerComponent: PlayMakerFixedUpdate

AddEventHandlerComponent: PlayMakerFixedUpdate

AddEventHandlerComponent: PlayMakerFixedUpdate

AddEventHandlerComponent: PlayMakerFixedUpdate

Deferring level start (marked as manual).

AddEventHandlerComponent: PlayMakerFixedUpdate

AddEventHandlerComponent: PlayMakerFixedUpdate

PlayOneShot was called with a null AudioClip.

AddEventHandlerComponent: PlayMakerFixedUpdate

AddEventHandlerComponent: PlayMakerFixedUpdate

AddEventHandlerComponent: PlayMakerFixedUpdate

AddEventHandlerComponent: PlayMakerFixedUpdate

AddEventHandlerComponent: PlayMakerFixedUpdate

AddEventHandlerComponent: PlayMakerFixedUpdate

AddEventHandlerComponent: PlayMakerFixedUpdate

AddEventHandlerComponent: PlayMakerFixedUpdate

AddEventHandlerComponent: PlayMakerFixedUpdate

AddEventHandlerComponent: PlayMakerFixedUpdate

AddEventHandlerComponent: PlayMakerFixedUpdate

AddEventHandlerComponent: PlayMakerFixedUpdate

AddEventHandlerComponent: PlayMakerFixedUpdate

AddEventHandlerComponent: PlayMakerFixedUpdate

AddEventHandlerComponent: PlayMakerFixedUpdate

AddEventHandlerComponent: PlayMakerFixedUpdate

PlayOneShot was called with a null AudioClip.

AddEventHandlerComponent: PlayMakerFixedUpdate

AddEventHandlerComponent: PlayMakerFixedUpdate

AddEventHandlerComponent: PlayMakerFixedUpdate

AddEventHandlerComponent: PlayMakerFixedUpdate

AddEventHandlerComponent: PlayMakerFixedUpdate

AddEventHandlerComponent: PlayMakerFixedUpdate

AddEventHandlerComponent: PlayMakerFixedUpdate

AddEventHandlerComponent: PlayMakerFixedUpdate

AddEventHandlerComponent: PlayMakerFixedUpdate

AddEventHandlerComponent: PlayMakerCollisionEnter2D

AddEventHandlerComponent: PlayMakerFixedUpdate

AddEventHandlerComponent: PlayMakerFixedUpdate

AddEventHandlerComponent: PlayMakerFixedUpdate

AddEventHandlerComponent: PlayMakerFixedUpdate

AddEventHandlerComponent: PlayMakerFixedUpdate

AddEventHandlerComponent: PlayMakerFixedUpdate

AddEventHandlerComponent: PlayMakerFixedUpdate

AddEventHandlerComponent: PlayMakerFixedUpdate

AddEventHandlerComponent: PlayMakerFixedUpdate

AddEventHandlerComponent: PlayMakerCollisionEnter2D

AddEventHandlerComponent: PlayMakerFixedUpdate

AddEventHandlerComponent: PlayMakerFixedUpdate

AddEventHandlerComponent: PlayMakerFixedUpdate

AddEventHandlerComponent: PlayMakerFixedUpdate

AddEventHandlerComponent: PlayMakerFixedUpdate

AddEventHandlerComponent: PlayMakerFixedUpdate

AddEventHandlerComponent: PlayMakerFixedUpdate

AddEventHandlerComponent: PlayMakerCollisionEnter2D

AddEventHandlerComponent: PlayMakerFixedUpdate

AddEventHandlerComponent: PlayMakerFixedUpdate

AddEventHandlerComponent: PlayMakerFixedUpdate

AddEventHandlerComponent: PlayMakerFixedUpdate

AddEventHandlerComponent: PlayMakerFixedUpdate

AddEventHandlerComponent: PlayMakerFixedUpdate

AddEventHandlerComponent: PlayMakerCollisionEnter2D

AddEventHandlerComponent: PlayMakerFixedUpdate

AddEventHandlerComponent: PlayMakerFixedUpdate

AddEventHandlerComponent: PlayMakerFixedUpdate

AddEventHandlerComponent: PlayMakerFixedUpdate

AddEventHandlerComponent: PlayMakerFixedUpdate

AddEventHandlerComponent: PlayMakerFixedUpdate

AddEventHandlerComponent: PlayMakerFixedUpdate

AddEventHandlerComponent: PlayMakerFixedUpdate

AddEventHandlerComponent: PlayMakerFixedUpdate

AddEventHandlerComponent: PlayMakerFixedUpdate

AddEventHandlerComponent: PlayMakerFixedUpdate

AddEventHandlerComponent: PlayMakerFixedUpdate

AddEventHandlerComponent: PlayMakerFixedUpdate

AddEventHandlerComponent: PlayMakerFixedUpdate

AddEventHandlerComponent: PlayMakerFixedUpdate

AddEventHandlerComponent: PlayMakerFixedUpdate

AddEventHandlerComponent: PlayMakerFixedUpdate

AddEventHandlerComponent: PlayMakerFixedUpdate

AddEventHandlerComponent: PlayMakerFixedUpdate

AddEventHandlerComponent: PlayMakerCollisionEnter2D

AddEventHandlerComponent: PlayMakerFixedUpdate

AddEventHandlerComponent: PlayMakerFixedUpdate

AddEventHandlerComponent: PlayMakerFixedUpdate

AddEventHandlerComponent: PlayMakerFixedUpdate

AddEventHandlerComponent: PlayMakerFixedUpdate

AddEventHandlerComponent: PlayMakerFixedUpdate

AddEventHandlerComponent: PlayMakerFixedUpdate

AddEventHandlerComponent: PlayMakerFixedUpdate

AddEventHandlerComponent: PlayMakerCollisionEnter2D

AddEventHandlerComponent: PlayMakerFixedUpdate

AddEventHandlerComponent: PlayMakerFixedUpdate

AddEventHandlerComponent: PlayMakerFixedUpdate

Deferring level start (marked as manual).

PlayOneShot was called with a null AudioClip.

AddEventHandlerComponent: PlayMakerFixedUpdate

AddEventHandlerComponent: PlayMakerFixedUpdate

AddEventHandlerComponent: PlayMakerFixedUpdate

AddEventHandlerComponent: PlayMakerFixedUpdate

AddEventHandlerComponent: PlayMakerFixedUpdate

AddEventHandlerComponent: PlayMakerFixedUpdate

AddEventHandlerComponent: PlayMakerFixedUpdate

AddEventHandlerComponent: PlayMakerFixedUpdate

AddEventHandlerComponent: PlayMakerFixedUpdate

AddEventHandlerComponent: PlayMakerFixedUpdate

AddEventHandlerComponent: PlayMakerFixedUpdate

Deferring level start (marked as manual).

AddEventHandlerComponent: PlayMakerFixedUpdate

AddEventHandlerComponent: PlayMakerFixedUpdate

AddEventHandlerComponent: PlayMakerFixedUpdate

AddEventHandlerComponent: PlayMakerFixedUpdate

AddEventHandlerComponent: PlayMakerFixedUpdate

AddEventHandlerComponent: PlayMakerFixedUpdate

AddEventHandlerComponent: PlayMakerFixedUpdate

AddEventHandlerComponent: PlayMakerFixedUpdate

AddEventHandlerComponent: PlayMakerFixedUpdate

AddEventHandlerComponent: PlayMakerFixedUpdate

AddEventHandlerComponent: PlayMakerCollisionEnter2D

AddEventHandlerComponent: PlayMakerFixedUpdate

AddEventHandlerComponent: PlayMakerFixedUpdate

AddEventHandlerComponent: PlayMakerFixedUpdate

AddEventHandlerComponent: PlayMakerFixedUpdate

AddEventHandlerComponent: PlayMakerFixedUpdate

AddEventHandlerComponent: PlayMakerFixedUpdate

AddEventHandlerComponent: PlayMakerFixedUpdate

AddEventHandlerComponent: PlayMakerFixedUpdate

AddEventHandlerComponent: PlayMakerFixedUpdate

AddEventHandlerComponent: PlayMakerCollisionEnter2D

AddEventHandlerComponent: PlayMakerFixedUpdate

AddEventHandlerComponent: PlayMakerFixedUpdate

AddEventHandlerComponent: PlayMakerFixedUpdate

AddEventHandlerComponent: PlayMakerFixedUpdate

AddEventHandlerComponent: PlayMakerFixedUpdate

AddEventHandlerComponent: PlayMakerFixedUpdate

AddEventHandlerComponent: PlayMakerFixedUpdate

AddEventHandlerComponent: PlayMakerCollisionEnter2D

AddEventHandlerComponent: PlayMakerFixedUpdate

AddEventHandlerComponent: PlayMakerFixedUpdate

AddEventHandlerComponent: PlayMakerFixedUpdate

AddEventHandlerComponent: PlayMakerFixedUpdate

AddEventHandlerComponent: PlayMakerFixedUpdate

AddEventHandlerComponent: PlayMakerFixedUpdate

AddEventHandlerComponent: PlayMakerCollisionEnter2D

AddEventHandlerComponent: PlayMakerFixedUpdate

AddEventHandlerComponent: PlayMakerFixedUpdate

AddEventHandlerComponent: PlayMakerFixedUpdate

AddEventHandlerComponent: PlayMakerFixedUpdate

AddEventHandlerComponent: PlayMakerFixedUpdate

AddEventHandlerComponent: PlayMakerFixedUpdate

AddEventHandlerComponent: PlayMakerFixedUpdate

AddEventHandlerComponent: PlayMakerFixedUpdate

AddEventHandlerComponent: PlayMakerFixedUpdate

AddEventHandlerComponent: PlayMakerFixedUpdate

AddEventHandlerComponent: PlayMakerFixedUpdate

AddEventHandlerComponent: PlayMakerFixedUpdate

AddEventHandlerComponent: PlayMakerFixedUpdate

AddEventHandlerComponent: PlayMakerFixedUpdate

AddEventHandlerComponent: PlayMakerFixedUpdate

AddEventHandlerComponent: PlayMakerFixedUpdate

AddEventHandlerComponent: PlayMakerFixedUpdate

AddEventHandlerComponent: PlayMakerFixedUpdate

AddEventHandlerComponent: PlayMakerFixedUpdate

AddEventHandlerComponent: PlayMakerCollisionEnter2D

AddEventHandlerComponent: PlayMakerFixedUpdate

AddEventHandlerComponent: PlayMakerFixedUpdate

AddEventHandlerComponent: PlayMakerFixedUpdate

AddEventHandlerComponent: PlayMakerFixedUpdate

AddEventHandlerComponent: PlayMakerFixedUpdate

AddEventHandlerComponent: PlayMakerFixedUpdate

AddEventHandlerComponent: PlayMakerFixedUpdate

AddEventHandlerComponent: PlayMakerFixedUpdate

AddEventHandlerComponent: PlayMakerCollisionEnter2D

AddEventHandlerComponent: PlayMakerFixedUpdate

AddEventHandlerComponent: PlayMakerFixedUpdate

AddEventHandlerComponent: PlayMakerFixedUpdate

Deferring level start (marked as manual).

PlayOneShot was called with a null AudioClip.

PlayOneShot was called with a null AudioClip.

Object Pool attached to GlobalPool has run out of Audio Player NoDestroy prefabs, Instantiating an additional one.

Persistent Bool Item - Couldn't reset value on FSM because it's missing.

Persistent Bool Item - Couldn't reset value on FSM because it's missing.

Persistent Bool Item - Couldn't reset value on FSM because it's missing.

Persistent Bool Item - Couldn't reset value on FSM because it's missing.

Persistent Bool Item - Couldn't reset value on FSM because it's missing.

Persistent Bool Item - Couldn't reset value on FSM because it's missing.

Persistent Bool Item - Couldn't reset value on FSM because it's missing.

PlayOneShot was called with a null AudioClip.

AddEventHandlerComponent: PlayMakerCollisionEnter2D

AddEventHandlerComponent: PlayMakerFixedUpdate

AddEventHandlerComponent: PlayMakerFixedUpdate

AddEventHandlerComponent: PlayMakerFixedUpdate

AddEventHandlerComponent: PlayMakerFixedUpdate

AddEventHandlerComponent: PlayMakerFixedUpdate

AddEventHandlerComponent: PlayMakerFixedUpdate

AddEventHandlerComponent: PlayMakerFixedUpdate

AddEventHandlerComponent: PlayMakerFixedUpdate

AddEventHandlerComponent: PlayMakerFixedUpdate

AddEventHandlerComponent: PlayMakerFixedUpdate

AddEventHandlerComponent: PlayMakerFixedUpdate

AddEventHandlerComponent: PlayMakerFixedUpdate

AddEventHandlerComponent: PlayMakerFixedUpdate

AddEventHandlerComponent: PlayMakerFixedUpdate

AddEventHandlerComponent: PlayMakerFixedUpdate

AddEventHandlerComponent: PlayMakerFixedUpdate

AddEventHandlerComponent: PlayMakerFixedUpdate

AddEventHandlerComponent: PlayMakerFixedUpdate

AddEventHandlerComponent: PlayMakerFixedUpdate

AddEventHandlerComponent: PlayMakerCollisionEnter2D

AddEventHandlerComponent: PlayMakerFixedUpdate

AddEventHandlerComponent: PlayMakerFixedUpdate

AddEventHandlerComponent: PlayMakerFixedUpdate

AddEventHandlerComponent: PlayMakerFixedUpdate

AddEventHandlerComponent: PlayMakerFixedUpdate

AddEventHandlerComponent: PlayMakerFixedUpdate

AddEventHandlerComponent: PlayMakerFixedUpdate

AddEventHandlerComponent: PlayMakerFixedUpdate

AddEventHandlerComponent: PlayMakerFixedUpdate

AddEventHandlerComponent: PlayMakerFixedUpdate

AddEventHandlerComponent: PlayMakerFixedUpdate

AddEventHandlerComponent: PlayMakerFixedUpdate

Deferring level start (marked as manual).

Unloading 38 Unused Serialized files (Serialized files now loaded: 0)

Unloading 915 unused Assets to reduce memory usage. Loaded Objects now: 60639.
Total: 270.099300 ms (FindLiveObjects: 14.655700 ms CreateObjectMapping: 2.463200 ms MarkObjects: 250.498300 ms  DeleteObjects: 2.481700 ms)

Unable to get achievement STAG_STATION_HALF, because GOG is not authenticated.

Unable to push achievement STAG_STATION_HALF, because GOG is not authenticated.

Unable to get achievement GRUBFRIEND, because GOG is not authenticated.

Unable to push achievement GRUBFRIEND, because GOG is not authenticated.

Unable to get achievement CHARMED, because GOG is not authenticated.

Unable to push achievement CHARMED, because GOG is not authenticated.

Unable to get achievement ENCHANTED, because GOG is not authenticated.

Unable to push achievement ENCHANTED, because GOG is not authenticated.

Unable to get achievement SOULFUL, because GOG is not authenticated.

Unable to push achievement SOULFUL, because GOG is not authenticated.

Unable to get achievement WORLDSOUL, because GOG is not authenticated.

Unable to push achievement WORLDSOUL, because GOG is not authenticated.

Unable to get achievement PROTECTED, because GOG is not authenticated.

Unable to push achievement PROTECTED, because GOG is not authenticated.

Unable to get achievement ATTUNEMENT, because GOG is not authenticated.

Unable to push achievement ATTUNEMENT, because GOG is not authenticated.

Unable to get achievement HORNET_1, because GOG is not authenticated.

Unable to push achievement HORNET_1, because GOG is not authenticated.

Unable to get achievement HORNET_2, because GOG is not authenticated.

Unable to push achievement HORNET_2, because GOG is not authenticated.

Unable to get achievement SOUL_MASTER_DEFEAT, because GOG is not authenticated.

Unable to push achievement SOUL_MASTER_DEFEAT, because GOG is not authenticated.

Unable to get achievement BROKEN_VESSEL, because GOG is not authenticated.

Unable to push achievement BROKEN_VESSEL, because GOG is not authenticated.

Unable to get achievement DUNG_DEFENDER, because GOG is not authenticated.

Unable to push achievement DUNG_DEFENDER, because GOG is not authenticated.

Unable to get achievement MANTIS_LORDS, because GOG is not authenticated.

Unable to push achievement MANTIS_LORDS, because GOG is not authenticated.

Unable to get achievement COLLECTOR, because GOG is not authenticated.

Unable to push achievement COLLECTOR, because GOG is not authenticated.

Unable to get achievement BEAST, because GOG is not authenticated.

Unable to push achievement BEAST, because GOG is not authenticated.

Unable to get achievement WATCHER, because GOG is not authenticated.

Unable to push achievement WATCHER, because GOG is not authenticated.

Persistent Bool Item - Couldn't reset value on FSM because it's missing.

Persistent Bool Item - Couldn't reset value on FSM because it's missing.

AddEventHandlerComponent: PlayMakerFixedUpdate

AddEventHandlerComponent: PlayMakerFixedUpdate

AddEventHandlerComponent: PlayMakerFixedUpdate

AddEventHandlerComponent: PlayMakerFixedUpdate

AddEventHandlerComponent: PlayMakerFixedUpdate

AddEventHandlerComponent: PlayMakerFixedUpdate

AddEventHandlerComponent: PlayMakerFixedUpdate

AddEventHandlerComponent: PlayMakerFixedUpdate

AddEventHandlerComponent: PlayMakerFixedUpdate

AddEventHandlerComponent: PlayMakerCollisionEnter2D

AddEventHandlerComponent: PlayMakerFixedUpdate

AddEventHandlerComponent: PlayMakerFixedUpdate

AddEventHandlerComponent: PlayMakerFixedUpdate

AddEventHandlerComponent: PlayMakerFixedUpdate

AddEventHandlerComponent: PlayMakerFixedUpdate

AddEventHandlerComponent: PlayMakerFixedUpdate

AddEventHandlerComponent: PlayMakerFixedUpdate

AddEventHandlerComponent: PlayMakerFixedUpdate

AddEventHandlerComponent: PlayMakerFixedUpdate

AddEventHandlerComponent: PlayMakerCollisionEnter2D

AddEventHandlerComponent: PlayMakerFixedUpdate

AddEventHandlerComponent: PlayMakerFixedUpdate

AddEventHandlerComponent: PlayMakerFixedUpdate

AddEventHandlerComponent: PlayMakerFixedUpdate

AddEventHandlerComponent: PlayMakerFixedUpdate

AddEventHandlerComponent: PlayMakerFixedUpdate

AddEventHandlerComponent: PlayMakerFixedUpdate

AddEventHandlerComponent: PlayMakerCollisionEnter2D

AddEventHandlerComponent: PlayMakerFixedUpdate

AddEventHandlerComponent: PlayMakerFixedUpdate

AddEventHandlerComponent: PlayMakerFixedUpdate

AddEventHandlerComponent: PlayMakerFixedUpdate

AddEventHandlerComponent: PlayMakerFixedUpdate

AddEventHandlerComponent: PlayMakerFixedUpdate

AddEventHandlerComponent: PlayMakerCollisionEnter2D

AddEventHandlerComponent: PlayMakerFixedUpdate

AddEventHandlerComponent: PlayMakerFixedUpdate

AddEventHandlerComponent: PlayMakerFixedUpdate

AddEventHandlerComponent: PlayMakerFixedUpdate

AddEventHandlerComponent: PlayMakerFixedUpdate

AddEventHandlerComponent: PlayMakerFixedUpdate

AddEventHandlerComponent: PlayMakerFixedUpdate

AddEventHandlerComponent: PlayMakerFixedUpdate

AddEventHandlerComponent: PlayMakerFixedUpdate

AddEventHandlerComponent: PlayMakerFixedUpdate

AddEventHandlerComponent: PlayMakerFixedUpdate

AddEventHandlerComponent: PlayMakerFixedUpdate

AddEventHandlerComponent: PlayMakerFixedUpdate

AddEventHandlerComponent: PlayMakerFixedUpdate

AddEventHandlerComponent: PlayMakerFixedUpdate

AddEventHandlerComponent: PlayMakerFixedUpdate

AddEventHandlerComponent: PlayMakerFixedUpdate

AddEventHandlerComponent: PlayMakerFixedUpdate

AddEventHandlerComponent: PlayMakerFixedUpdate

AddEventHandlerComponent: PlayMakerCollisionEnter2D

AddEventHandlerComponent: PlayMakerFixedUpdate

AddEventHandlerComponent: PlayMakerFixedUpdate

AddEventHandlerComponent: PlayMakerFixedUpdate

AddEventHandlerComponent: PlayMakerFixedUpdate

AddEventHandlerComponent: PlayMakerFixedUpdate

AddEventHandlerComponent: PlayMakerFixedUpdate

AddEventHandlerComponent: PlayMakerFixedUpdate

AddEventHandlerComponent: PlayMakerFixedUpdate

AddEventHandlerComponent: PlayMakerCollisionEnter2D

AddEventHandlerComponent: PlayMakerFixedUpdate

AddEventHandlerComponent: PlayMakerFixedUpdate

AddEventHandlerComponent: PlayMakerFixedUpdate

Deferring level start (marked as manual).

Unloading 27 Unused Serialized files (Serialized files now loaded: 0)
AddEventHandlerComponent: PlayMakerFixedUpdate


Unloading 172 unused Assets to reduce memory usage. Loaded Objects now: 63147.
Total: 270.681100 ms (FindLiveObjects: 15.729600 ms CreateObjectMapping: 2.398100 ms MarkObjects: 251.689200 ms  DeleteObjects: 0.862900 ms)

PlayOneShot was called with a null AudioClip.

Unable to get achievement ATTUNEMENT, because GOG is not authenticated.

Unable to push achievement ATTUNEMENT, because GOG is not authenticated.

PlayOneShot was called with a null AudioClip.

PlayOneShot was called with a null AudioClip.

Object Pool attached to GlobalPool has run out of Hit Flash Black prefabs, Instantiating an additional one.

AddEventHandlerComponent: PlayMakerFixedUpdate

AddEventHandlerComponent: PlayMakerFixedUpdate

AddEventHandlerComponent: PlayMakerFixedUpdate

AddEventHandlerComponent: PlayMakerFixedUpdate

AddEventHandlerComponent: PlayMakerFixedUpdate

AddEventHandlerComponent: PlayMakerFixedUpdate

AddEventHandlerComponent: PlayMakerFixedUpdate

AddEventHandlerComponent: PlayMakerFixedUpdate

AddEventHandlerComponent: PlayMakerFixedUpdate

AddEventHandlerComponent: PlayMakerFixedUpdate

AddEventHandlerComponent: PlayMakerFixedUpdate

AddEventHandlerComponent: PlayMakerFixedUpdate

AddEventHandlerComponent: PlayMakerFixedUpdate

PlayOneShot was called with a null AudioClip.

PlayOneShot was called with a null AudioClip.

AddEventHandlerComponent: PlayMakerFixedUpdate

AddEventHandlerComponent: PlayMakerFixedUpdate

AddEventHandlerComponent: PlayMakerFixedUpdate

AddEventHandlerComponent: PlayMakerFixedUpdate

AddEventHandlerComponent: PlayMakerFixedUpdate

AddEventHandlerComponent: PlayMakerFixedUpdate

AddEventHandlerComponent: PlayMakerFixedUpdate

AddEventHandlerComponent: PlayMakerFixedUpdate

AddEventHandlerComponent: PlayMakerFixedUpdate

AddEventHandlerComponent: PlayMakerFixedUpdate

AddEventHandlerComponent: PlayMakerFixedUpdate

Deferring level start (marked as manual).

AddEventHandlerComponent: PlayMakerFixedUpdate

PlayOneShot was called with a null AudioClip.

PlayOneShot was called with a null AudioClip.

PlayOneShot was called with a null AudioClip.

PlayOneShot was called with a null AudioClip.

Unable to get achievement CHARMED, because GOG is not authenticated.

Unable to push achievement CHARMED, because GOG is not authenticated.

Unable to get achievement ENCHANTED, because GOG is not authenticated.

Unable to push achievement ENCHANTED, because GOG is not authenticated.

PlayOneShot was called with a null AudioClip.

PlayOneShot was called with a null AudioClip.

PlayOneShot was called with a null AudioClip.

PlayOneShot was called with a null AudioClip.

AddEventHandlerComponent: PlayMakerFixedUpdate

AddEventHandlerComponent: PlayMakerFixedUpdate

AddEventHandlerComponent: PlayMakerFixedUpdate

AddEventHandlerComponent: PlayMakerFixedUpdate

AddEventHandlerComponent: PlayMakerFixedUpdate

AddEventHandlerComponent: PlayMakerFixedUpdate

AddEventHandlerComponent: PlayMakerFixedUpdate

AddEventHandlerComponent: PlayMakerFixedUpdate

AddEventHandlerComponent: PlayMakerFixedUpdate

AddEventHandlerComponent: PlayMakerCollisionEnter2D

AddEventHandlerComponent: PlayMakerFixedUpdate

AddEventHandlerComponent: PlayMakerFixedUpdate

AddEventHandlerComponent: PlayMakerFixedUpdate

AddEventHandlerComponent: PlayMakerFixedUpdate

AddEventHandlerComponent: PlayMakerFixedUpdate

AddEventHandlerComponent: PlayMakerFixedUpdate

AddEventHandlerComponent: PlayMakerFixedUpdate

AddEventHandlerComponent: PlayMakerFixedUpdate

AddEventHandlerComponent: PlayMakerFixedUpdate

AddEventHandlerComponent: PlayMakerCollisionEnter2D

AddEventHandlerComponent: PlayMakerFixedUpdate

AddEventHandlerComponent: PlayMakerFixedUpdate

AddEventHandlerComponent: PlayMakerFixedUpdate

AddEventHandlerComponent: PlayMakerFixedUpdate

AddEventHandlerComponent: PlayMakerFixedUpdate

AddEventHandlerComponent: PlayMakerFixedUpdate

AddEventHandlerComponent: PlayMakerFixedUpdate

AddEventHandlerComponent: PlayMakerCollisionEnter2D

AddEventHandlerComponent: PlayMakerFixedUpdate

AddEventHandlerComponent: PlayMakerFixedUpdate

AddEventHandlerComponent: PlayMakerFixedUpdate

AddEventHandlerComponent: PlayMakerFixedUpdate

AddEventHandlerComponent: PlayMakerFixedUpdate

AddEventHandlerComponent: PlayMakerFixedUpdate

AddEventHandlerComponent: PlayMakerCollisionEnter2D

AddEventHandlerComponent: PlayMakerFixedUpdate

AddEventHandlerComponent: PlayMakerFixedUpdate

AddEventHandlerComponent: PlayMakerFixedUpdate

AddEventHandlerComponent: PlayMakerFixedUpdate

AddEventHandlerComponent: PlayMakerFixedUpdate

AddEventHandlerComponent: PlayMakerFixedUpdate

AddEventHandlerComponent: PlayMakerFixedUpdate

AddEventHandlerComponent: PlayMakerFixedUpdate

AddEventHandlerComponent: PlayMakerFixedUpdate

AddEventHandlerComponent: PlayMakerFixedUpdate

AddEventHandlerComponent: PlayMakerFixedUpdate

AddEventHandlerComponent: PlayMakerFixedUpdate

AddEventHandlerComponent: PlayMakerFixedUpdate

AddEventHandlerComponent: PlayMakerFixedUpdate

AddEventHandlerComponent: PlayMakerFixedUpdate

AddEventHandlerComponent: PlayMakerFixedUpdate

AddEventHandlerComponent: PlayMakerFixedUpdate

AddEventHandlerComponent: PlayMakerFixedUpdate

AddEventHandlerComponent: PlayMakerFixedUpdate

AddEventHandlerComponent: PlayMakerCollisionEnter2D

AddEventHandlerComponent: PlayMakerFixedUpdate

AddEventHandlerComponent: PlayMakerFixedUpdate

AddEventHandlerComponent: PlayMakerFixedUpdate

AddEventHandlerComponent: PlayMakerFixedUpdate

AddEventHandlerComponent: PlayMakerFixedUpdate

AddEventHandlerComponent: PlayMakerFixedUpdate

AddEventHandlerComponent: PlayMakerFixedUpdate

AddEventHandlerComponent: PlayMakerFixedUpdate

AddEventHandlerComponent: PlayMakerCollisionEnter2D

AddEventHandlerComponent: PlayMakerFixedUpdate

AddEventHandlerComponent: PlayMakerFixedUpdate

AddEventHandlerComponent: PlayMakerFixedUpdate

Deferring level start (marked as manual).

PlayOneShot was called with a null AudioClip.

PlayOneShot was called with a null AudioClip.

PlayOneShot was called with a null AudioClip.

PlayOneShot was called with a null AudioClip.

PlayOneShot was called with a null AudioClip.

PlayOneShot was called with a null AudioClip.

PlayOneShot was called with a null AudioClip.

PlayOneShot was called with a null AudioClip.

PlayOneShot was called with a null AudioClip.

PlayOneShot was called with a null AudioClip.

PlayOneShot was called with a null AudioClip.

PlayOneShot was called with a null AudioClip.

PlayOneShot was called with a null AudioClip.

PlayOneShot was called with a null AudioClip.

PlayOneShot was called with a null AudioClip.

PlayOneShot was called with a null AudioClip.

PlayOneShot was called with a null AudioClip.

PlayOneShot was called with a null AudioClip.

PlayOneShot was called with a null AudioClip.

PlayOneShot was called with a null AudioClip.

PlayOneShot was called with a null AudioClip.

PlayOneShot was called with a null AudioClip.

AddEventHandlerComponent: PlayMakerFixedUpdate

AddEventHandlerComponent: PlayMakerCollisionEnter2D

AddEventHandlerComponent: PlayMakerFixedUpdate

AddEventHandlerComponent: PlayMakerFixedUpdate

AddEventHandlerComponent: PlayMakerFixedUpdate

AddEventHandlerComponent: PlayMakerFixedUpdate

AddEventHandlerComponent: PlayMakerFixedUpdate

AddEventHandlerComponent: PlayMakerFixedUpdate

AddEventHandlerComponent: PlayMakerFixedUpdate

AddEventHandlerComponent: PlayMakerFixedUpdate

AddEventHandlerComponent: PlayMakerFixedUpdate

AddEventHandlerComponent: PlayMakerFixedUpdate

AddEventHandlerComponent: PlayMakerFixedUpdate

AddEventHandlerComponent: PlayMakerFixedUpdate

AddEventHandlerComponent: PlayMakerFixedUpdate

AddEventHandlerComponent: PlayMakerFixedUpdate

AddEventHandlerComponent: PlayMakerFixedUpdate

AddEventHandlerComponent: PlayMakerFixedUpdate

AddEventHandlerComponent: PlayMakerFixedUpdate

AddEventHandlerComponent: PlayMakerCollisionEnter2D

AddEventHandlerComponent: PlayMakerFixedUpdate

AddEventHandlerComponent: PlayMakerFixedUpdate

AddEventHandlerComponent: PlayMakerCollisionEnter2D

AddEventHandlerComponent: PlayMakerFixedUpdate

AddEventHandlerComponent: PlayMakerFixedUpdate

AddEventHandlerComponent: PlayMakerFixedUpdate

AddEventHandlerComponent: PlayMakerFixedUpdate

AddEventHandlerComponent: PlayMakerFixedUpdate

AddEventHandlerComponent: PlayMakerFixedUpdate

AddEventHandlerComponent: PlayMakerFixedUpdate

Deferring level start (marked as manual).

AddEventHandlerComponent: PlayMakerFixedUpdate

AddEventHandlerComponent: PlayMakerFixedUpdate

AddEventHandlerComponent: PlayMakerFixedUpdate

AddEventHandlerComponent: PlayMakerFixedUpdate

AddEventHandlerComponent: PlayMakerFixedUpdate

AddEventHandlerComponent: PlayMakerFixedUpdate

AddEventHandlerComponent: PlayMakerFixedUpdate

AddEventHandlerComponent: PlayMakerFixedUpdate

AddEventHandlerComponent: PlayMakerFixedUpdate

AddEventHandlerComponent: PlayMakerCollisionEnter2D

AddEventHandlerComponent: PlayMakerFixedUpdate

AddEventHandlerComponent: PlayMakerFixedUpdate

AddEventHandlerComponent: PlayMakerFixedUpdate

AddEventHandlerComponent: PlayMakerFixedUpdate

AddEventHandlerComponent: PlayMakerFixedUpdate

AddEventHandlerComponent: PlayMakerFixedUpdate

AddEventHandlerComponent: PlayMakerFixedUpdate

AddEventHandlerComponent: PlayMakerFixedUpdate

AddEventHandlerComponent: PlayMakerFixedUpdate

AddEventHandlerComponent: PlayMakerCollisionEnter2D

AddEventHandlerComponent: PlayMakerFixedUpdate

AddEventHandlerComponent: PlayMakerFixedUpdate

AddEventHandlerComponent: PlayMakerFixedUpdate

AddEventHandlerComponent: PlayMakerFixedUpdate

AddEventHandlerComponent: PlayMakerFixedUpdate

AddEventHandlerComponent: PlayMakerFixedUpdate

AddEventHandlerComponent: PlayMakerFixedUpdate

AddEventHandlerComponent: PlayMakerCollisionEnter2D

AddEventHandlerComponent: PlayMakerFixedUpdate

AddEventHandlerComponent: PlayMakerFixedUpdate

AddEventHandlerComponent: PlayMakerFixedUpdate

AddEventHandlerComponent: PlayMakerFixedUpdate

AddEventHandlerComponent: PlayMakerFixedUpdate

AddEventHandlerComponent: PlayMakerFixedUpdate

AddEventHandlerComponent: PlayMakerCollisionEnter2D

AddEventHandlerComponent: PlayMakerFixedUpdate

AddEventHandlerComponent: PlayMakerFixedUpdate

AddEventHandlerComponent: PlayMakerFixedUpdate

AddEventHandlerComponent: PlayMakerFixedUpdate

AddEventHandlerComponent: PlayMakerFixedUpdate

AddEventHandlerComponent: PlayMakerFixedUpdate

AddEventHandlerComponent: PlayMakerFixedUpdate

AddEventHandlerComponent: PlayMakerFixedUpdate

AddEventHandlerComponent: PlayMakerFixedUpdate

AddEventHandlerComponent: PlayMakerFixedUpdate

AddEventHandlerComponent: PlayMakerFixedUpdate

AddEventHandlerComponent: PlayMakerFixedUpdate

AddEventHandlerComponent: PlayMakerFixedUpdate

AddEventHandlerComponent: PlayMakerFixedUpdate

AddEventHandlerComponent: PlayMakerFixedUpdate

AddEventHandlerComponent: PlayMakerFixedUpdate

AddEventHandlerComponent: PlayMakerFixedUpdate

AddEventHandlerComponent: PlayMakerFixedUpdate

AddEventHandlerComponent: PlayMakerFixedUpdate

AddEventHandlerComponent: PlayMakerCollisionEnter2D

AddEventHandlerComponent: PlayMakerFixedUpdate

AddEventHandlerComponent: PlayMakerFixedUpdate

AddEventHandlerComponent: PlayMakerFixedUpdate

AddEventHandlerComponent: PlayMakerFixedUpdate

AddEventHandlerComponent: PlayMakerFixedUpdate

AddEventHandlerComponent: PlayMakerFixedUpdate

AddEventHandlerComponent: PlayMakerFixedUpdate

AddEventHandlerComponent: PlayMakerFixedUpdate

AddEventHandlerComponent: PlayMakerCollisionEnter2D

AddEventHandlerComponent: PlayMakerFixedUpdate

AddEventHandlerComponent: PlayMakerFixedUpdate

AddEventHandlerComponent: PlayMakerFixedUpdate

Deferring level start (marked as manual).

AddEventHandlerComponent: PlayMakerFixedUpdate

AddEventHandlerComponent: PlayMakerCollisionEnter2D

AddEventHandlerComponent: PlayMakerFixedUpdate

AddEventHandlerComponent: PlayMakerFixedUpdate

AddEventHandlerComponent: PlayMakerFixedUpdate

AddEventHandlerComponent: PlayMakerFixedUpdate

AddEventHandlerComponent: PlayMakerFixedUpdate

AddEventHandlerComponent: PlayMakerFixedUpdate

AddEventHandlerComponent: PlayMakerFixedUpdate

AddEventHandlerComponent: PlayMakerFixedUpdate

AddEventHandlerComponent: PlayMakerFixedUpdate

AddEventHandlerComponent: PlayMakerFixedUpdate

AddEventHandlerComponent: PlayMakerFixedUpdate

AddEventHandlerComponent: PlayMakerFixedUpdate

AddEventHandlerComponent: PlayMakerFixedUpdate

AddEventHandlerComponent: PlayMakerFixedUpdate

AddEventHandlerComponent: PlayMakerFixedUpdate

AddEventHandlerComponent: PlayMakerFixedUpdate

AddEventHandlerComponent: PlayMakerFixedUpdate

AddEventHandlerComponent: PlayMakerCollisionEnter2D

AddEventHandlerComponent: PlayMakerFixedUpdate

AddEventHandlerComponent: PlayMakerFixedUpdate

AddEventHandlerComponent: PlayMakerCollisionEnter2D

AddEventHandlerComponent: PlayMakerFixedUpdate

AddEventHandlerComponent: PlayMakerFixedUpdate

AddEventHandlerComponent: PlayMakerFixedUpdate

AddEventHandlerComponent: PlayMakerFixedUpdate

AddEventHandlerComponent: PlayMakerFixedUpdate

AddEventHandlerComponent: PlayMakerFixedUpdate

AddEventHandlerComponent: PlayMakerFixedUpdate

Deferring level start (marked as manual).

AddEventHandlerComponent: PlayMakerFixedUpdate

AddEventHandlerComponent: PlayMakerFixedUpdate

AddEventHandlerComponent: PlayMakerFixedUpdate

AddEventHandlerComponent: PlayMakerFixedUpdate

AddEventHandlerComponent: PlayMakerFixedUpdate

AddEventHandlerComponent: PlayMakerFixedUpdate

AddEventHandlerComponent: PlayMakerFixedUpdate

AddEventHandlerComponent: PlayMakerFixedUpdate

AddEventHandlerComponent: PlayMakerFixedUpdate

AddEventHandlerComponent: PlayMakerCollisionEnter2D

AddEventHandlerComponent: PlayMakerFixedUpdate

AddEventHandlerComponent: PlayMakerFixedUpdate

AddEventHandlerComponent: PlayMakerFixedUpdate

AddEventHandlerComponent: PlayMakerFixedUpdate

AddEventHandlerComponent: PlayMakerFixedUpdate

AddEventHandlerComponent: PlayMakerFixedUpdate

AddEventHandlerComponent: PlayMakerFixedUpdate

AddEventHandlerComponent: PlayMakerFixedUpdate

AddEventHandlerComponent: PlayMakerFixedUpdate

AddEventHandlerComponent: PlayMakerCollisionEnter2D

AddEventHandlerComponent: PlayMakerFixedUpdate

AddEventHandlerComponent: PlayMakerFixedUpdate

AddEventHandlerComponent: PlayMakerFixedUpdate

AddEventHandlerComponent: PlayMakerFixedUpdate

AddEventHandlerComponent: PlayMakerFixedUpdate

AddEventHandlerComponent: PlayMakerFixedUpdate

AddEventHandlerComponent: PlayMakerFixedUpdate

AddEventHandlerComponent: PlayMakerCollisionEnter2D

AddEventHandlerComponent: PlayMakerFixedUpdate

AddEventHandlerComponent: PlayMakerFixedUpdate

AddEventHandlerComponent: PlayMakerFixedUpdate

AddEventHandlerComponent: PlayMakerFixedUpdate

AddEventHandlerComponent: PlayMakerFixedUpdate

AddEventHandlerComponent: PlayMakerFixedUpdate

AddEventHandlerComponent: PlayMakerCollisionEnter2D

AddEventHandlerComponent: PlayMakerFixedUpdate

AddEventHandlerComponent: PlayMakerFixedUpdate

AddEventHandlerComponent: PlayMakerFixedUpdate

AddEventHandlerComponent: PlayMakerFixedUpdate

AddEventHandlerComponent: PlayMakerFixedUpdate

AddEventHandlerComponent: PlayMakerFixedUpdate

AddEventHandlerComponent: PlayMakerFixedUpdate

AddEventHandlerComponent: PlayMakerFixedUpdate

AddEventHandlerComponent: PlayMakerFixedUpdate

AddEventHandlerComponent: PlayMakerFixedUpdate

AddEventHandlerComponent: PlayMakerFixedUpdate

AddEventHandlerComponent: PlayMakerFixedUpdate

AddEventHandlerComponent: PlayMakerFixedUpdate

AddEventHandlerComponent: PlayMakerFixedUpdate

AddEventHandlerComponent: PlayMakerFixedUpdate

AddEventHandlerComponent: PlayMakerFixedUpdate

AddEventHandlerComponent: PlayMakerFixedUpdate

AddEventHandlerComponent: PlayMakerFixedUpdate

AddEventHandlerComponent: PlayMakerFixedUpdate

AddEventHandlerComponent: PlayMakerCollisionEnter2D

AddEventHandlerComponent: PlayMakerFixedUpdate

AddEventHandlerComponent: PlayMakerFixedUpdate

AddEventHandlerComponent: PlayMakerFixedUpdate

AddEventHandlerComponent: PlayMakerFixedUpdate

AddEventHandlerComponent: PlayMakerFixedUpdate

AddEventHandlerComponent: PlayMakerFixedUpdate

AddEventHandlerComponent: PlayMakerFixedUpdate

AddEventHandlerComponent: PlayMakerFixedUpdate

AddEventHandlerComponent: PlayMakerCollisionEnter2D

AddEventHandlerComponent: PlayMakerFixedUpdate

AddEventHandlerComponent: PlayMakerFixedUpdate

AddEventHandlerComponent: PlayMakerFixedUpdate

Deferring level start (marked as manual).

AddEventHandlerComponent: PlayMakerFixedUpdate

AddEventHandlerComponent: PlayMakerCollisionEnter2D

AddEventHandlerComponent: PlayMakerFixedUpdate

AddEventHandlerComponent: PlayMakerFixedUpdate

AddEventHandlerComponent: PlayMakerFixedUpdate

AddEventHandlerComponent: PlayMakerFixedUpdate

AddEventHandlerComponent: PlayMakerFixedUpdate

AddEventHandlerComponent: PlayMakerFixedUpdate

AddEventHandlerComponent: PlayMakerFixedUpdate

AddEventHandlerComponent: PlayMakerFixedUpdate

AddEventHandlerComponent: PlayMakerFixedUpdate

AddEventHandlerComponent: PlayMakerFixedUpdate

AddEventHandlerComponent: PlayMakerFixedUpdate

AddEventHandlerComponent: PlayMakerFixedUpdate

AddEventHandlerComponent: PlayMakerFixedUpdate

AddEventHandlerComponent: PlayMakerFixedUpdate

AddEventHandlerComponent: PlayMakerFixedUpdate

AddEventHandlerComponent: PlayMakerFixedUpdate

AddEventHandlerComponent: PlayMakerFixedUpdate

AddEventHandlerComponent: PlayMakerCollisionEnter2D

AddEventHandlerComponent: PlayMakerFixedUpdate

AddEventHandlerComponent: PlayMakerFixedUpdate

AddEventHandlerComponent: PlayMakerCollisionEnter2D

AddEventHandlerComponent: PlayMakerFixedUpdate

AddEventHandlerComponent: PlayMakerFixedUpdate

AddEventHandlerComponent: PlayMakerFixedUpdate

AddEventHandlerComponent: PlayMakerFixedUpdate

AddEventHandlerComponent: PlayMakerFixedUpdate

AddEventHandlerComponent: PlayMakerFixedUpdate

AddEventHandlerComponent: PlayMakerFixedUpdate

Deferring level start (marked as manual).

Object Pool attached to GlobalPool has run out of Strike Nail R prefabs, Instantiating an additional one.

Object Pool attached to GlobalPool has run out of Geo Small prefabs, Instantiating an additional one.

Object Pool attached to GlobalPool has run out of Geo Small prefabs, Instantiating an additional one.

Object Pool attached to GlobalPool has run out of Geo Small prefabs, Instantiating an additional one.

Object Pool attached to GlobalPool has run out of Geo Small prefabs, Instantiating an additional one.

Object Pool attached to GlobalPool has run out of Geo Small prefabs, Instantiating an additional one.

Object Pool attached to GlobalPool has run out of Geo Small prefabs, Instantiating an additional one.

Object Pool attached to GlobalPool has run out of Geo Small prefabs, Instantiating an additional one.

Object Pool attached to GlobalPool has run out of Geo Small prefabs, Instantiating an additional one.

Object Pool attached to GlobalPool has run out of Geo Small prefabs, Instantiating an additional one.

Object Pool attached to GlobalPool has run out of Geo Small prefabs, Instantiating an additional one.

Object Pool attached to GlobalPool has run out of Geo Small prefabs, Instantiating an additional one.

Object Pool attached to GlobalPool has run out of Geo Small prefabs, Instantiating an additional one.

Object Pool attached to GlobalPool has run out of Geo Small prefabs, Instantiating an additional one.

Object Pool attached to GlobalPool has run out of Geo Small prefabs, Instantiating an additional one.

Object Pool attached to GlobalPool has run out of Geo Small prefabs, Instantiating an additional one.

Object Pool attached to GlobalPool has run out of Geo Small prefabs, Instantiating an additional one.

Object Pool attached to GlobalPool has run out of Geo Small prefabs, Instantiating an additional one.

PlayerData: Could not find bool named visitedFungalWastes in PlayerData

PlayerData: Could not find bool named visitedFungalWastes in PlayerData

PlayerData: Could not find bool named visitedCity in PlayerData

PlayOneShot was called with a null AudioClip.

PlayOneShot was called with a null AudioClip.

AddEventHandlerComponent: PlayMakerFixedUpdate

AddEventHandlerComponent: PlayMakerFixedUpdate

AddEventHandlerComponent: PlayMakerCollisionEnter2D

AddEventHandlerComponent: PlayMakerFixedUpdate

AddEventHandlerComponent: PlayMakerFixedUpdate

AddEventHandlerComponent: PlayMakerFixedUpdate

AddEventHandlerComponent: PlayMakerFixedUpdate

AddEventHandlerComponent: PlayMakerCollisionEnter2D

AddEventHandlerComponent: PlayMakerFixedUpdate

AddEventHandlerComponent: PlayMakerFixedUpdate

AddEventHandlerComponent: PlayMakerFixedUpdate

AddEventHandlerComponent: PlayMakerFixedUpdate

AddEventHandlerComponent: PlayMakerFixedUpdate

AddEventHandlerComponent: PlayMakerFixedUpdate

AddEventHandlerComponent: PlayMakerCollisionEnter2D

AddEventHandlerComponent: PlayMakerFixedUpdate

AddEventHandlerComponent: PlayMakerCollisionEnter2D

AddEventHandlerComponent: PlayMakerFixedUpdate

AddEventHandlerComponent: PlayMakerFixedUpdate

AddEventHandlerComponent: PlayMakerFixedUpdate

AddEventHandlerComponent: PlayMakerFixedUpdate

AddEventHandlerComponent: PlayMakerFixedUpdate

AddEventHandlerComponent: PlayMakerFixedUpdate

AddEventHandlerComponent: PlayMakerCollisionEnter2D

AddEventHandlerComponent: PlayMakerFixedUpdate

AddEventHandlerComponent: PlayMakerFixedUpdate

AddEventHandlerComponent: PlayMakerFixedUpdate

AddEventHandlerComponent: PlayMakerFixedUpdate

AddEventHandlerComponent: PlayMakerFixedUpdate

AddEventHandlerComponent: PlayMakerFixedUpdate

AddEventHandlerComponent: PlayMakerFixedUpdate

Deferring level start (marked as manual).

PlayOneShot was called with a null AudioClip.

PlayOneShot was called with a null AudioClip.

PlayOneShot was called with a null AudioClip.

PlayOneShot was called with a null AudioClip.

PlayOneShot was called with a null AudioClip.

PlayOneShot was called with a null AudioClip.

PlayOneShot was called with a null AudioClip.

PlayOneShot was called with a null AudioClip.

Object Pool attached to GlobalPool has run out of Spatter Honey prefabs, Instantiating an additional one.

Object Pool attached to GlobalPool has run out of Spatter Honey prefabs, Instantiating an additional one.

Object Pool attached to GlobalPool has run out of Spatter Honey prefabs, Instantiating an additional one.

Object Pool attached to GlobalPool has run out of Spatter Honey prefabs, Instantiating an additional one.

Object Pool attached to GlobalPool has run out of Spatter Honey prefabs, Instantiating an additional one.

Object Pool attached to GlobalPool has run out of Spatter Honey prefabs, Instantiating an additional one.

Object Pool attached to GlobalPool has run out of Spatter Honey prefabs, Instantiating an additional one.

Object Pool attached to GlobalPool has run out of Spatter Honey prefabs, Instantiating an additional one.

Object Pool attached to GlobalPool has run out of Spatter Honey prefabs, Instantiating an additional one.

PlayOneShot was called with a null AudioClip.

PlayOneShot was called with a null AudioClip.

PlayOneShot was called with a null AudioClip.

Object Pool attached to GlobalPool has run out of Spatter Honey prefabs, Instantiating an additional one.

Object Pool attached to GlobalPool has run out of Spatter Honey prefabs, Instantiating an additional one.

PlayOneShot was called with a null AudioClip.

PlayOneShot was called with a null AudioClip.

PlayOneShot was called with a null AudioClip.

PlayOneShot was called with a null AudioClip.

PlayOneShot was called with a null AudioClip.

Object Pool attached to GlobalPool has run out of Spatter Honey prefabs, Instantiating an additional one.

Object Pool attached to GlobalPool has run out of Spatter Honey prefabs, Instantiating an additional one.

Object Pool attached to GlobalPool has run out of Spatter Honey prefabs, Instantiating an additional one.

Object Pool attached to GlobalPool has run out of Spatter Honey prefabs, Instantiating an additional one.

Object Pool attached to GlobalPool has run out of Spatter Honey prefabs, Instantiating an additional one.

Object Pool attached to GlobalPool has run out of Spatter Honey prefabs, Instantiating an additional one.

Object Pool attached to GlobalPool has run out of Spatter Honey prefabs, Instantiating an additional one.

Object Pool attached to GlobalPool has run out of Spatter Honey prefabs, Instantiating an additional one.

Object Pool attached to GlobalPool has run out of Spatter Honey prefabs, Instantiating an additional one.

Object Pool attached to GlobalPool has run out of Spatter Honey prefabs, Instantiating an additional one.

Object Pool attached to GlobalPool has run out of Spatter Honey prefabs, Instantiating an additional one.

Object Pool attached to GlobalPool has run out of Spatter Honey prefabs, Instantiating an additional one.

Object Pool attached to GlobalPool has run out of Spatter Honey prefabs, Instantiating an additional one.

Object Pool attached to GlobalPool has run out of Spatter Honey prefabs, Instantiating an additional one.

PlayOneShot was called with a null AudioClip.

PlayOneShot was called with a null AudioClip.

Object Pool attached to GlobalPool has run out of Spatter Honey prefabs, Instantiating an additional one.

Object Pool attached to GlobalPool has run out of Spatter Honey prefabs, Instantiating an additional one.

Object Pool attached to GlobalPool has run out of Spatter Honey prefabs, Instantiating an additional one.

Object Pool attached to GlobalPool has run out of Spatter Honey prefabs, Instantiating an additional one.

Object Pool attached to GlobalPool has run out of Spatter Honey prefabs, Instantiating an additional one.

Object Pool attached to GlobalPool has run out of Spatter Honey prefabs, Instantiating an additional one.

PlayOneShot was called with a null AudioClip.

AddEventHandlerComponent: PlayMakerFixedUpdate

AddEventHandlerComponent: PlayMakerFixedUpdate

AddEventHandlerComponent: PlayMakerFixedUpdate

AddEventHandlerComponent: PlayMakerFixedUpdate

AddEventHandlerComponent: PlayMakerFixedUpdate

AddEventHandlerComponent: PlayMakerFixedUpdate

AddEventHandlerComponent: PlayMakerFixedUpdate

AddEventHandlerComponent: PlayMakerFixedUpdate

AddEventHandlerComponent: PlayMakerFixedUpdate

AddEventHandlerComponent: PlayMakerFixedUpdate

AddEventHandlerComponent: PlayMakerFixedUpdate

AddEventHandlerComponent: PlayMakerFixedUpdate

AddEventHandlerComponent: PlayMakerFixedUpdate

AddEventHandlerComponent: PlayMakerFixedUpdate

AddEventHandlerComponent: PlayMakerFixedUpdate

AddEventHandlerComponent: PlayMakerFixedUpdate

AddEventHandlerComponent: PlayMakerFixedUpdate

AddEventHandlerComponent: PlayMakerFixedUpdate

AddEventHandlerComponent: PlayMakerFixedUpdate

AddEventHandlerComponent: PlayMakerFixedUpdate

AddEventHandlerComponent: PlayMakerFixedUpdate

AddEventHandlerComponent: PlayMakerFixedUpdate

AddEventHandlerComponent: PlayMakerFixedUpdate

AddEventHandlerComponent: PlayMakerFixedUpdate

AddEventHandlerComponent: PlayMakerFixedUpdate

AddEventHandlerComponent: PlayMakerFixedUpdate

AddEventHandlerComponent: PlayMakerCollisionEnter2D

AddEventHandlerComponent: PlayMakerFixedUpdate

AddEventHandlerComponent: PlayMakerFixedUpdate

AddEventHandlerComponent: PlayMakerFixedUpdate

AddEventHandlerComponent: PlayMakerFixedUpdate

AddEventHandlerComponent: PlayMakerFixedUpdate

AddEventHandlerComponent: PlayMakerFixedUpdate

AddEventHandlerComponent: PlayMakerFixedUpdate

AddEventHandlerComponent: PlayMakerFixedUpdate

AddEventHandlerComponent: PlayMakerFixedUpdate

AddEventHandlerComponent: PlayMakerFixedUpdate

AddEventHandlerComponent: PlayMakerFixedUpdate

AddEventHandlerComponent: PlayMakerFixedUpdate

AddEventHandlerComponent: PlayMakerFixedUpdate

AddEventHandlerComponent: PlayMakerFixedUpdate

AddEventHandlerComponent: PlayMakerFixedUpdate

AddEventHandlerComponent: PlayMakerFixedUpdate

AddEventHandlerComponent: PlayMakerFixedUpdate

AddEventHandlerComponent: PlayMakerFixedUpdate

AddEventHandlerComponent: PlayMakerFixedUpdate

AddEventHandlerComponent: PlayMakerFixedUpdate

AddEventHandlerComponent: PlayMakerFixedUpdate

AddEventHandlerComponent: PlayMakerFixedUpdate

AddEventHandlerComponent: PlayMakerFixedUpdate

AddEventHandlerComponent: PlayMakerFixedUpdate

AddEventHandlerComponent: PlayMakerFixedUpdate

AddEventHandlerComponent: PlayMakerFixedUpdate

AddEventHandlerComponent: PlayMakerFixedUpdate

AddEventHandlerComponent: PlayMakerFixedUpdate

AddEventHandlerComponent: PlayMakerFixedUpdate

AddEventHandlerComponent: PlayMakerFixedUpdate

AddEventHandlerComponent: PlayMakerFixedUpdate

AddEventHandlerComponent: PlayMakerFixedUpdate

AddEventHandlerComponent: PlayMakerFixedUpdate

AddEventHandlerComponent: PlayMakerFixedUpdate

AddEventHandlerComponent: PlayMakerFixedUpdate

AddEventHandlerComponent: PlayMakerCollisionEnter2D

AddEventHandlerComponent: PlayMakerFixedUpdate

AddEventHandlerComponent: PlayMakerFixedUpdate

AddEventHandlerComponent: PlayMakerFixedUpdate

AddEventHandlerComponent: PlayMakerFixedUpdate

AddEventHandlerComponent: PlayMakerFixedUpdate

AddEventHandlerComponent: PlayMakerFixedUpdate

AddEventHandlerComponent: PlayMakerFixedUpdate

AddEventHandlerComponent: PlayMakerFixedUpdate

AddEventHandlerComponent: PlayMakerFixedUpdate

AddEventHandlerComponent: PlayMakerCollisionEnter2D

AddEventHandlerComponent: PlayMakerFixedUpdate

AddEventHandlerComponent: PlayMakerFixedUpdate

AddEventHandlerComponent: PlayMakerFixedUpdate

AddEventHandlerComponent: PlayMakerFixedUpdate

AddEventHandlerComponent: PlayMakerFixedUpdate

Deferring level start (marked as manual).

PlayOneShot was called with a null AudioClip.

PlayOneShot was called with a null AudioClip.

PlayOneShot was called with a null AudioClip.

PlayOneShot was called with a null AudioClip.

PlayOneShot was called with a null AudioClip.

AddEventHandlerComponent: PlayMakerFixedUpdate

AddEventHandlerComponent: PlayMakerFixedUpdate

AddEventHandlerComponent: PlayMakerFixedUpdate

AddEventHandlerComponent: PlayMakerFixedUpdate

AddEventHandlerComponent: PlayMakerFixedUpdate

AddEventHandlerComponent: PlayMakerFixedUpdate

AddEventHandlerComponent: PlayMakerFixedUpdate

AddEventHandlerComponent: PlayMakerFixedUpdate

AddEventHandlerComponent: PlayMakerFixedUpdate

AddEventHandlerComponent: PlayMakerFixedUpdate

AddEventHandlerComponent: PlayMakerFixedUpdate

AddEventHandlerComponent: PlayMakerFixedUpdate

AddEventHandlerComponent: PlayMakerFixedUpdate

AddEventHandlerComponent: PlayMakerFixedUpdate

AddEventHandlerComponent: PlayMakerFixedUpdate

AddEventHandlerComponent: PlayMakerFixedUpdate

AddEventHandlerComponent: PlayMakerFixedUpdate

AddEventHandlerComponent: PlayMakerFixedUpdate

AddEventHandlerComponent: PlayMakerCollisionEnter2D

AddEventHandlerComponent: PlayMakerFixedUpdate

AddEventHandlerComponent: PlayMakerFixedUpdate

AddEventHandlerComponent: PlayMakerFixedUpdate

AddEventHandlerComponent: PlayMakerFixedUpdate

AddEventHandlerComponent: PlayMakerFixedUpdate

AddEventHandlerComponent: PlayMakerFixedUpdate

AddEventHandlerComponent: PlayMakerFixedUpdate

AddEventHandlerComponent: PlayMakerFixedUpdate

AddEventHandlerComponent: PlayMakerFixedUpdate

AddEventHandlerComponent: PlayMakerFixedUpdate

AddEventHandlerComponent: PlayMakerFixedUpdate

AddEventHandlerComponent: PlayMakerFixedUpdate

Deferring level start (marked as manual).

PlayOneShot was called with a null AudioClip.

PlayOneShot was called with a null AudioClip.

Persistent Bool Item - Couldn't reset value on FSM because it's missing.

Unable to get achievement STAG_STATION_HALF, because GOG is not authenticated.

Unable to push achievement STAG_STATION_HALF, because GOG is not authenticated.

Unable to get achievement GRUBFRIEND, because GOG is not authenticated.

Unable to push achievement GRUBFRIEND, because GOG is not authenticated.

Unable to get achievement CHARMED, because GOG is not authenticated.

Unable to push achievement CHARMED, because GOG is not authenticated.

Unable to get achievement ENCHANTED, because GOG is not authenticated.

Unable to push achievement ENCHANTED, because GOG is not authenticated.

Unable to get achievement SOULFUL, because GOG is not authenticated.

Unable to push achievement SOULFUL, because GOG is not authenticated.

Unable to get achievement WORLDSOUL, because GOG is not authenticated.

Unable to push achievement WORLDSOUL, because GOG is not authenticated.

Unable to get achievement PROTECTED, because GOG is not authenticated.

Unable to push achievement PROTECTED, because GOG is not authenticated.

Unable to get achievement ATTUNEMENT, because GOG is not authenticated.

Unable to push achievement ATTUNEMENT, because GOG is not authenticated.

Unable to get achievement HORNET_1, because GOG is not authenticated.

Unable to push achievement HORNET_1, because GOG is not authenticated.

Unable to get achievement HORNET_2, because GOG is not authenticated.

Unable to push achievement HORNET_2, because GOG is not authenticated.

Unable to get achievement SOUL_MASTER_DEFEAT, because GOG is not authenticated.

Unable to push achievement SOUL_MASTER_DEFEAT, because GOG is not authenticated.

Unable to get achievement BROKEN_VESSEL, because GOG is not authenticated.

Unable to push achievement BROKEN_VESSEL, because GOG is not authenticated.

Unable to get achievement DUNG_DEFENDER, because GOG is not authenticated.

Unable to push achievement DUNG_DEFENDER, because GOG is not authenticated.

Unable to get achievement MANTIS_LORDS, because GOG is not authenticated.

Unable to push achievement MANTIS_LORDS, because GOG is not authenticated.

Unable to get achievement COLLECTOR, because GOG is not authenticated.

Unable to push achievement COLLECTOR, because GOG is not authenticated.

Unable to get achievement BEAST, because GOG is not authenticated.

Unable to push achievement BEAST, because GOG is not authenticated.

Unable to get achievement WATCHER, because GOG is not authenticated.

Unable to push achievement WATCHER, because GOG is not authenticated.

AddEventHandlerComponent: PlayMakerFixedUpdate

AddEventHandlerComponent: PlayMakerFixedUpdate

AddEventHandlerComponent: PlayMakerFixedUpdate

AddEventHandlerComponent: PlayMakerFixedUpdate

AddEventHandlerComponent: PlayMakerFixedUpdate

AddEventHandlerComponent: PlayMakerFixedUpdate

AddEventHandlerComponent: PlayMakerFixedUpdate

AddEventHandlerComponent: PlayMakerFixedUpdate

AddEventHandlerComponent: PlayMakerFixedUpdate

AddEventHandlerComponent: PlayMakerFixedUpdate

AddEventHandlerComponent: PlayMakerFixedUpdate

AddEventHandlerComponent: PlayMakerFixedUpdate

AddEventHandlerComponent: PlayMakerFixedUpdate

AddEventHandlerComponent: PlayMakerFixedUpdate

AddEventHandlerComponent: PlayMakerFixedUpdate

AddEventHandlerComponent: PlayMakerFixedUpdate

AddEventHandlerComponent: PlayMakerFixedUpdate

AddEventHandlerComponent: PlayMakerFixedUpdate

AddEventHandlerComponent: PlayMakerFixedUpdate

AddEventHandlerComponent: PlayMakerFixedUpdate

AddEventHandlerComponent: PlayMakerFixedUpdate

AddEventHandlerComponent: PlayMakerFixedUpdate

AddEventHandlerComponent: PlayMakerFixedUpdate

AddEventHandlerComponent: PlayMakerFixedUpdate

AddEventHandlerComponent: PlayMakerFixedUpdate

AddEventHandlerComponent: PlayMakerFixedUpdate

AddEventHandlerComponent: PlayMakerCollisionEnter2D

AddEventHandlerComponent: PlayMakerFixedUpdate

AddEventHandlerComponent: PlayMakerFixedUpdate

AddEventHandlerComponent: PlayMakerFixedUpdate

AddEventHandlerComponent: PlayMakerFixedUpdate

AddEventHandlerComponent: PlayMakerFixedUpdate

AddEventHandlerComponent: PlayMakerFixedUpdate

AddEventHandlerComponent: PlayMakerFixedUpdate

AddEventHandlerComponent: PlayMakerFixedUpdate

AddEventHandlerComponent: PlayMakerFixedUpdate

AddEventHandlerComponent: PlayMakerFixedUpdate

AddEventHandlerComponent: PlayMakerFixedUpdate

AddEventHandlerComponent: PlayMakerFixedUpdate

AddEventHandlerComponent: PlayMakerFixedUpdate

AddEventHandlerComponent: PlayMakerFixedUpdate

AddEventHandlerComponent: PlayMakerFixedUpdate

AddEventHandlerComponent: PlayMakerFixedUpdate

AddEventHandlerComponent: PlayMakerFixedUpdate

AddEventHandlerComponent: PlayMakerFixedUpdate

AddEventHandlerComponent: PlayMakerFixedUpdate

AddEventHandlerComponent: PlayMakerFixedUpdate

AddEventHandlerComponent: PlayMakerFixedUpdate

AddEventHandlerComponent: PlayMakerFixedUpdate

AddEventHandlerComponent: PlayMakerFixedUpdate

AddEventHandlerComponent: PlayMakerFixedUpdate

AddEventHandlerComponent: PlayMakerFixedUpdate

AddEventHandlerComponent: PlayMakerFixedUpdate

AddEventHandlerComponent: PlayMakerFixedUpdate

AddEventHandlerComponent: PlayMakerFixedUpdate

AddEventHandlerComponent: PlayMakerFixedUpdate

AddEventHandlerComponent: PlayMakerFixedUpdate

AddEventHandlerComponent: PlayMakerFixedUpdate

AddEventHandlerComponent: PlayMakerFixedUpdate

AddEventHandlerComponent: PlayMakerFixedUpdate

AddEventHandlerComponent: PlayMakerFixedUpdate

AddEventHandlerComponent: PlayMakerFixedUpdate

AddEventHandlerComponent: PlayMakerCollisionEnter2D

AddEventHandlerComponent: PlayMakerFixedUpdate

AddEventHandlerComponent: PlayMakerFixedUpdate

AddEventHandlerComponent: PlayMakerFixedUpdate

AddEventHandlerComponent: PlayMakerFixedUpdate

AddEventHandlerComponent: PlayMakerFixedUpdate

AddEventHandlerComponent: PlayMakerFixedUpdate

AddEventHandlerComponent: PlayMakerFixedUpdate

AddEventHandlerComponent: PlayMakerFixedUpdate

AddEventHandlerComponent: PlayMakerFixedUpdate

AddEventHandlerComponent: PlayMakerCollisionEnter2D

AddEventHandlerComponent: PlayMakerFixedUpdate

AddEventHandlerComponent: PlayMakerFixedUpdate

AddEventHandlerComponent: PlayMakerFixedUpdate

AddEventHandlerComponent: PlayMakerFixedUpdate

AddEventHandlerComponent: PlayMakerFixedUpdate

Deferring level start (marked as manual).

AddEventHandlerComponent: PlayMakerFixedUpdate

AddEventHandlerComponent: PlayMakerFixedUpdate

AddEventHandlerComponent: PlayMakerFixedUpdate

AddEventHandlerComponent: PlayMakerFixedUpdate

AddEventHandlerComponent: PlayMakerFixedUpdate

AddEventHandlerComponent: PlayMakerFixedUpdate

AddEventHandlerComponent: PlayMakerFixedUpdate

AddEventHandlerComponent: PlayMakerFixedUpdate

AddEventHandlerComponent: PlayMakerFixedUpdate

AddEventHandlerComponent: PlayMakerFixedUpdate

AddEventHandlerComponent: PlayMakerFixedUpdate

AddEventHandlerComponent: PlayMakerFixedUpdate

AddEventHandlerComponent: PlayMakerFixedUpdate

AddEventHandlerComponent: PlayMakerFixedUpdate

AddEventHandlerComponent: PlayMakerFixedUpdate

AddEventHandlerComponent: PlayMakerFixedUpdate

AddEventHandlerComponent: PlayMakerFixedUpdate

AddEventHandlerComponent: PlayMakerFixedUpdate

AddEventHandlerComponent: PlayMakerCollisionEnter2D

AddEventHandlerComponent: PlayMakerFixedUpdate

AddEventHandlerComponent: PlayMakerFixedUpdate

AddEventHandlerComponent: PlayMakerFixedUpdate

AddEventHandlerComponent: PlayMakerFixedUpdate

AddEventHandlerComponent: PlayMakerFixedUpdate

AddEventHandlerComponent: PlayMakerFixedUpdate

AddEventHandlerComponent: PlayMakerFixedUpdate

AddEventHandlerComponent: PlayMakerFixedUpdate

AddEventHandlerComponent: PlayMakerFixedUpdate

AddEventHandlerComponent: PlayMakerFixedUpdate

AddEventHandlerComponent: PlayMakerFixedUpdate

AddEventHandlerComponent: PlayMakerFixedUpdate

Deferring level start (marked as manual).

AddEventHandlerComponent: PlayMakerFixedUpdate

AddEventHandlerComponent: PlayMakerFixedUpdate

AddEventHandlerComponent: PlayMakerFixedUpdate

AddEventHandlerComponent: PlayMakerFixedUpdate

AddEventHandlerComponent: PlayMakerFixedUpdate

AddEventHandlerComponent: PlayMakerFixedUpdate

AddEventHandlerComponent: PlayMakerFixedUpdate

Deferring level start (marked as manual).

AddEventHandlerComponent: PlayMakerFixedUpdate

AddEventHandlerComponent: PlayMakerFixedUpdate

AddEventHandlerComponent: PlayMakerFixedUpdate

Deferring level start (marked as manual).

Unable to get achievement STAG_STATION_HALF, because GOG is not authenticated.

Unable to push achievement STAG_STATION_HALF, because GOG is not authenticated.

Unable to get achievement GRUBFRIEND, because GOG is not authenticated.

Unable to push achievement GRUBFRIEND, because GOG is not authenticated.

Unable to get achievement CHARMED, because GOG is not authenticated.

Unable to push achievement CHARMED, because GOG is not authenticated.

Unable to get achievement ENCHANTED, because GOG is not authenticated.

Unable to push achievement ENCHANTED, because GOG is not authenticated.

Unable to get achievement SOULFUL, because GOG is not authenticated.

Unable to push achievement SOULFUL, because GOG is not authenticated.

Unable to get achievement WORLDSOUL, because GOG is not authenticated.

Unable to push achievement WORLDSOUL, because GOG is not authenticated.

Unable to get achievement PROTECTED, because GOG is not authenticated.

Unable to push achievement PROTECTED, because GOG is not authenticated.

Unable to get achievement ATTUNEMENT, because GOG is not authenticated.

Unable to push achievement ATTUNEMENT, because GOG is not authenticated.

Unable to get achievement HORNET_1, because GOG is not authenticated.

Unable to push achievement HORNET_1, because GOG is not authenticated.

Unable to get achievement HORNET_2, because GOG is not authenticated.

Unable to push achievement HORNET_2, because GOG is not authenticated.

Unable to get achievement SOUL_MASTER_DEFEAT, because GOG is not authenticated.

Unable to push achievement SOUL_MASTER_DEFEAT, because GOG is not authenticated.

Unable to get achievement BROKEN_VESSEL, because GOG is not authenticated.

Unable to push achievement BROKEN_VESSEL, because GOG is not authenticated.

Unable to get achievement DUNG_DEFENDER, because GOG is not authenticated.

Unable to push achievement DUNG_DEFENDER, because GOG is not authenticated.

Unable to get achievement MANTIS_LORDS, because GOG is not authenticated.

Unable to push achievement MANTIS_LORDS, because GOG is not authenticated.

Unable to get achievement COLLECTOR, because GOG is not authenticated.

Unable to push achievement COLLECTOR, because GOG is not authenticated.

Unable to get achievement BEAST, because GOG is not authenticated.

Unable to push achievement BEAST, because GOG is not authenticated.

Unable to get achievement WATCHER, because GOG is not authenticated.

Unable to push achievement WATCHER, because GOG is not authenticated.

PlayOneShot was called with a null AudioClip.

AddEventHandlerComponent: PlayMakerFixedUpdate

AddEventHandlerComponent: PlayMakerFixedUpdate

Deferring level start (marked as manual).

AddEventHandlerComponent: PlayMakerFixedUpdate

AddEventHandlerComponent: PlayMakerFixedUpdate

AddEventHandlerComponent: PlayMakerFixedUpdate

Deferring level start (marked as manual).

Unable to get achievement STAG_STATION_HALF, because GOG is not authenticated.

Unable to push achievement STAG_STATION_HALF, because GOG is not authenticated.

Unable to get achievement GRUBFRIEND, because GOG is not authenticated.

Unable to push achievement GRUBFRIEND, because GOG is not authenticated.

Unable to get achievement CHARMED, because GOG is not authenticated.

Unable to push achievement CHARMED, because GOG is not authenticated.

Unable to get achievement ENCHANTED, because GOG is not authenticated.

Unable to push achievement ENCHANTED, because GOG is not authenticated.

Unable to get achievement SOULFUL, because GOG is not authenticated.

Unable to push achievement SOULFUL, because GOG is not authenticated.

Unable to get achievement WORLDSOUL, because GOG is not authenticated.

Unable to push achievement WORLDSOUL, because GOG is not authenticated.

Unable to get achievement PROTECTED, because GOG is not authenticated.

Unable to push achievement PROTECTED, because GOG is not authenticated.

Unable to get achievement ATTUNEMENT, because GOG is not authenticated.

Unable to push achievement ATTUNEMENT, because GOG is not authenticated.

Unable to get achievement HORNET_1, because GOG is not authenticated.

Unable to push achievement HORNET_1, because GOG is not authenticated.

Unable to get achievement HORNET_2, because GOG is not authenticated.

Unable to push achievement HORNET_2, because GOG is not authenticated.

Unable to get achievement SOUL_MASTER_DEFEAT, because GOG is not authenticated.

Unable to push achievement SOUL_MASTER_DEFEAT, because GOG is not authenticated.

Unable to get achievement BROKEN_VESSEL, because GOG is not authenticated.

Unable to push achievement BROKEN_VESSEL, because GOG is not authenticated.

Unable to get achievement DUNG_DEFENDER, because GOG is not authenticated.

Unable to push achievement DUNG_DEFENDER, because GOG is not authenticated.

Unable to get achievement MANTIS_LORDS, because GOG is not authenticated.

Unable to push achievement MANTIS_LORDS, because GOG is not authenticated.

Unable to get achievement COLLECTOR, because GOG is not authenticated.

Unable to push achievement COLLECTOR, because GOG is not authenticated.

Unable to get achievement BEAST, because GOG is not authenticated.

Unable to push achievement BEAST, because GOG is not authenticated.

Unable to get achievement WATCHER, because GOG is not authenticated.

Unable to push achievement WATCHER, because GOG is not authenticated.

AddEventHandlerComponent: PlayMakerFixedUpdate

AddEventHandlerComponent: PlayMakerFixedUpdate

Deferring level start (marked as manual).

AddEventHandlerComponent: PlayMakerFixedUpdate

AddEventHandlerComponent: PlayMakerFixedUpdate

AddEventHandlerComponent: PlayMakerFixedUpdate

Deferring level start (marked as manual).

AddEventHandlerComponent: PlayMakerFixedUpdate

AddEventHandlerComponent: PlayMakerFixedUpdate

AddEventHandlerComponent: PlayMakerFixedUpdate

Deferring level start (marked as manual).

No area with identifier "PALACE_GROUNDS" found in area list. Creating default SubArea.

PlayOneShot was called with a null AudioClip.

AddEventHandlerComponent: PlayMakerFixedUpdate

AddEventHandlerComponent: PlayMakerFixedUpdate

AddEventHandlerComponent: PlayMakerFixedUpdate

AddEventHandlerComponent: PlayMakerFixedUpdate

Deferring level start (marked as manual).

No area with identifier "HIDDEN_STATION" found in area list. Creating default SubArea.

PlayOneShot was called with a null AudioClip.

Unable to get achievement STAG_STATION_HALF, because GOG is not authenticated.

Unable to push achievement STAG_STATION_HALF, because GOG is not authenticated.

Unable to get achievement GRUBFRIEND, because GOG is not authenticated.

Unable to push achievement GRUBFRIEND, because GOG is not authenticated.

Unable to get achievement CHARMED, because GOG is not authenticated.

Unable to push achievement CHARMED, because GOG is not authenticated.

Unable to get achievement ENCHANTED, because GOG is not authenticated.

Unable to push achievement ENCHANTED, because GOG is not authenticated.

Unable to get achievement SOULFUL, because GOG is not authenticated.

Unable to push achievement SOULFUL, because GOG is not authenticated.

Unable to get achievement WORLDSOUL, because GOG is not authenticated.

Unable to push achievement WORLDSOUL, because GOG is not authenticated.

Unable to get achievement PROTECTED, because GOG is not authenticated.

Unable to push achievement PROTECTED, because GOG is not authenticated.

Unable to get achievement ATTUNEMENT, because GOG is not authenticated.

Unable to push achievement ATTUNEMENT, because GOG is not authenticated.

Unable to get achievement HORNET_1, because GOG is not authenticated.

Unable to push achievement HORNET_1, because GOG is not authenticated.

Unable to get achievement HORNET_2, because GOG is not authenticated.

Unable to push achievement HORNET_2, because GOG is not authenticated.

Unable to get achievement SOUL_MASTER_DEFEAT, because GOG is not authenticated.

Unable to push achievement SOUL_MASTER_DEFEAT, because GOG is not authenticated.

Unable to get achievement BROKEN_VESSEL, because GOG is not authenticated.

Unable to push achievement BROKEN_VESSEL, because GOG is not authenticated.

Unable to get achievement DUNG_DEFENDER, because GOG is not authenticated.

Unable to push achievement DUNG_DEFENDER, because GOG is not authenticated.

Unable to get achievement MANTIS_LORDS, because GOG is not authenticated.

Unable to push achievement MANTIS_LORDS, because GOG is not authenticated.

Unable to get achievement COLLECTOR, because GOG is not authenticated.

Unable to push achievement COLLECTOR, because GOG is not authenticated.

Unable to get achievement BEAST, because GOG is not authenticated.

Unable to push achievement BEAST, because GOG is not authenticated.

Unable to get achievement WATCHER, because GOG is not authenticated.

Unable to push achievement WATCHER, because GOG is not authenticated.

PlayOneShot was called with a null AudioClip.

PlayOneShot was called with a null AudioClip.

AddEventHandlerComponent: PlayMakerFixedUpdate

AddEventHandlerComponent: PlayMakerFixedUpdate

Deferring level start (marked as manual).

AddEventHandlerComponent: PlayMakerFixedUpdate

AddEventHandlerComponent: PlayMakerFixedUpdate

AddEventHandlerComponent: PlayMakerFixedUpdate

Deferring level start (marked as manual).

AddEventHandlerComponent: PlayMakerFixedUpdate

AddEventHandlerComponent: PlayMakerFixedUpdate

AddEventHandlerComponent: PlayMakerFixedUpdate

Deferring level start (marked as manual).

AddEventHandlerComponent: PlayMakerFixedUpdate

AddEventHandlerComponent: PlayMakerFixedUpdate

AddEventHandlerComponent: PlayMakerFixedUpdate

Deferring level start (marked as manual).

AddEventHandlerComponent: PlayMakerFixedUpdate

AddEventHandlerComponent: PlayMakerFixedUpdate

AddEventHandlerComponent: PlayMakerFixedUpdate

Deferring level start (marked as manual).

Unable to get achievement STAG_STATION_HALF, because GOG is not authenticated.

Unable to push achievement STAG_STATION_HALF, because GOG is not authenticated.

Unable to get achievement GRUBFRIEND, because GOG is not authenticated.

Unable to push achievement GRUBFRIEND, because GOG is not authenticated.

Unable to get achievement CHARMED, because GOG is not authenticated.

Unable to push achievement CHARMED, because GOG is not authenticated.

Unable to get achievement ENCHANTED, because GOG is not authenticated.

Unable to push achievement ENCHANTED, because GOG is not authenticated.

Unable to get achievement SOULFUL, because GOG is not authenticated.

Unable to push achievement SOULFUL, because GOG is not authenticated.

Unable to get achievement WORLDSOUL, because GOG is not authenticated.

Unable to push achievement WORLDSOUL, because GOG is not authenticated.

Unable to get achievement PROTECTED, because GOG is not authenticated.

Unable to push achievement PROTECTED, because GOG is not authenticated.

Unable to get achievement ATTUNEMENT, because GOG is not authenticated.

Unable to push achievement ATTUNEMENT, because GOG is not authenticated.

Unable to get achievement HORNET_1, because GOG is not authenticated.

Unable to push achievement HORNET_1, because GOG is not authenticated.

Unable to get achievement HORNET_2, because GOG is not authenticated.

Unable to push achievement HORNET_2, because GOG is not authenticated.

Unable to get achievement SOUL_MASTER_DEFEAT, because GOG is not authenticated.

Unable to push achievement SOUL_MASTER_DEFEAT, because GOG is not authenticated.

Unable to get achievement BROKEN_VESSEL, because GOG is not authenticated.

Unable to push achievement BROKEN_VESSEL, because GOG is not authenticated.

Unable to get achievement DUNG_DEFENDER, because GOG is not authenticated.

Unable to push achievement DUNG_DEFENDER, because GOG is not authenticated.

Unable to get achievement MANTIS_LORDS, because GOG is not authenticated.

Unable to push achievement MANTIS_LORDS, because GOG is not authenticated.

Unable to get achievement COLLECTOR, because GOG is not authenticated.

Unable to push achievement COLLECTOR, because GOG is not authenticated.

Unable to get achievement BEAST, because GOG is not authenticated.

Unable to push achievement BEAST, because GOG is not authenticated.

Unable to get achievement WATCHER, because GOG is not authenticated.

Unable to push achievement WATCHER, because GOG is not authenticated.

AddEventHandlerComponent: PlayMakerFixedUpdate

AddEventHandlerComponent: PlayMakerFixedUpdate

AddEventHandlerComponent: PlayMakerFixedUpdate

AddEventHandlerComponent: PlayMakerFixedUpdate

AddEventHandlerComponent: PlayMakerFixedUpdate

AddEventHandlerComponent: PlayMakerFixedUpdate

AddEventHandlerComponent: PlayMakerFixedUpdate

AddEventHandlerComponent: PlayMakerFixedUpdate

AddEventHandlerComponent: PlayMakerFixedUpdate

AddEventHandlerComponent: PlayMakerFixedUpdate

AddEventHandlerComponent: PlayMakerFixedUpdate

AddEventHandlerComponent: PlayMakerFixedUpdate

AddEventHandlerComponent: PlayMakerFixedUpdate

AddEventHandlerComponent: PlayMakerFixedUpdate

AddEventHandlerComponent: PlayMakerFixedUpdate

Deferring level start (marked as manual).

AddEventHandlerComponent: PlayMakerFixedUpdate

PlayOneShot was called with a null AudioClip.

AddEventHandlerComponent: PlayMakerFixedUpdate

AddEventHandlerComponent: PlayMakerFixedUpdate

Deferring level start (marked as manual).

AddEventHandlerComponent: PlayMakerFixedUpdate

PlayOneShot was called with a null AudioClip.

AddEventHandlerComponent: PlayMakerFixedUpdate

PlayOneShot was called with a null AudioClip.

AddEventHandlerComponent: PlayMakerFixedUpdate

PlayOneShot was called with a null AudioClip.

AddEventHandlerComponent: PlayMakerFixedUpdate

PlayOneShot was called with a null AudioClip.

AddEventHandlerComponent: PlayMakerFixedUpdate

PlayOneShot was called with a null AudioClip.

AddEventHandlerComponent: PlayMakerFixedUpdate

AddEventHandlerComponent: PlayMakerFixedUpdate

AddEventHandlerComponent: PlayMakerFixedUpdate

AddEventHandlerComponent: PlayMakerFixedUpdate

AddEventHandlerComponent: PlayMakerFixedUpdate

AddEventHandlerComponent: PlayMakerFixedUpdate

AddEventHandlerComponent: PlayMakerFixedUpdate

PlayOneShot was called with a null AudioClip.

AddEventHandlerComponent: PlayMakerFixedUpdate

AddEventHandlerComponent: PlayMakerFixedUpdate

AddEventHandlerComponent: PlayMakerFixedUpdate

Object Pool attached to GlobalPool has run out of IK Projectile DS prefabs, Instantiating an additional one.

AddEventHandlerComponent: PlayMakerFixedUpdate

Object Pool attached to GlobalPool has run out of IK Projectile DS prefabs, Instantiating an additional one.

AddEventHandlerComponent: PlayMakerFixedUpdate

Object Pool attached to GlobalPool has run out of IK Projectile DS prefabs, Instantiating an additional one.

AddEventHandlerComponent: PlayMakerFixedUpdate

Object Pool attached to GlobalPool has run out of IK Projectile DS prefabs, Instantiating an additional one.

AddEventHandlerComponent: PlayMakerFixedUpdate

PlayOneShot was called with a null AudioClip.

AddEventHandlerComponent: PlayMakerFixedUpdate

PlayOneShot was called with a null AudioClip.

AddEventHandlerComponent: PlayMakerFixedUpdate

PlayOneShot was called with a null AudioClip.

AddEventHandlerComponent: PlayMakerFixedUpdate

AddEventHandlerComponent: PlayMakerFixedUpdate

AddEventHandlerComponent: PlayMakerFixedUpdate

AddEventHandlerComponent: PlayMakerFixedUpdate

AddEventHandlerComponent: PlayMakerFixedUpdate

AddEventHandlerComponent: PlayMakerFixedUpdate

AddEventHandlerComponent: PlayMakerFixedUpdate

AddEventHandlerComponent: PlayMakerFixedUpdate

AddEventHandlerComponent: PlayMakerFixedUpdate

AddEventHandlerComponent: PlayMakerFixedUpdate

AddEventHandlerComponent: PlayMakerFixedUpdate

AddEventHandlerComponent: PlayMakerFixedUpdate

AddEventHandlerComponent: PlayMakerFixedUpdate

AddEventHandlerComponent: PlayMakerFixedUpdate

Deferring level start (marked as manual).

AddEventHandlerComponent: PlayMakerFixedUpdate

PlayOneShot was called with a null AudioClip.

PlayOneShot was called with a null AudioClip.

Unable to get achievement GRUBFRIEND, because GOG is not authenticated.

Unable to push achievement GRUBFRIEND, because GOG is not authenticated.

PlayerData: Could not find bool named visitedFungalWastes in PlayerData

PlayerData: Could not find bool named visitedFungalWastes in PlayerData

PlayerData: Could not find bool named visitedCity in PlayerData

AddEventHandlerComponent: PlayMakerFixedUpdate

AddEventHandlerComponent: PlayMakerFixedUpdate

Deferring level start (marked as manual).

AddEventHandlerComponent: PlayMakerFixedUpdate

AddEventHandlerComponent: PlayMakerFixedUpdate

AddEventHandlerComponent: PlayMakerFixedUpdate

Deferring level start (marked as manual).

AddEventHandlerComponent: PlayMakerFixedUpdate

AddEventHandlerComponent: PlayMakerFixedUpdate

AddEventHandlerComponent: PlayMakerFixedUpdate

AddEventHandlerComponent: PlayMakerFixedUpdate

Deferring level start (marked as manual).

Object Pool attached to GlobalPool has run out of Plat Dust prefabs, Instantiating an additional one.

AddEventHandlerComponent: PlayMakerFixedUpdate

PlayOneShot was called with a null AudioClip.

Object Pool attached to GlobalPool has run out of Slash Effect Shade prefabs, Instantiating an additional one.

Object Pool attached to GlobalPool has run out of Slash Effect Shade prefabs, Instantiating an additional one.

Object Pool attached to GlobalPool has run out of Slash Effect Shade prefabs, Instantiating an additional one.

AddEventHandlerComponent: PlayMakerFixedUpdate

PlayOneShot was called with a null AudioClip.

AddEventHandlerComponent: PlayMakerFixedUpdate

PlayOneShot was called with a null AudioClip.

Deferring level start (marked as manual).

PlayOneShot was called with a null AudioClip.

PlayOneShot was called with a null AudioClip.

PlayOneShot was called with a null AudioClip.

PlayOneShot was called with a null AudioClip.

PlayOneShot was called with a null AudioClip.

AddEventHandlerComponent: PlayMakerFixedUpdate

AddEventHandlerComponent: PlayMakerFixedUpdate

AddEventHandlerComponent: PlayMakerFixedUpdate

AddEventHandlerComponent: PlayMakerFixedUpdate

AddEventHandlerComponent: PlayMakerFixedUpdate

AddEventHandlerComponent: PlayMakerFixedUpdate

AddEventHandlerComponent: PlayMakerFixedUpdate

AddEventHandlerComponent: PlayMakerFixedUpdate

AddEventHandlerComponent: PlayMakerFixedUpdate

AddEventHandlerComponent: PlayMakerFixedUpdate

AddEventHandlerComponent: PlayMakerFixedUpdate

AddEventHandlerComponent: PlayMakerFixedUpdate

AddEventHandlerComponent: PlayMakerFixedUpdate

AddEventHandlerComponent: PlayMakerFixedUpdate

AddEventHandlerComponent: PlayMakerFixedUpdate

AddEventHandlerComponent: PlayMakerFixedUpdate

Deferring level start (marked as manual).

PlayOneShot was called with a null AudioClip.

PlayOneShot was called with a null AudioClip.

PlayOneShot was called with a null AudioClip.

PlayOneShot was called with a null AudioClip.

PlayOneShot was called with a null AudioClip.

PlayOneShot was called with a null AudioClip.

PlayOneShot was called with a null AudioClip.

PlayOneShot was called with a null AudioClip.

PlayOneShot was called with a null AudioClip.

PlayOneShot was called with a null AudioClip.

PlayOneShot was called with a null AudioClip.

PlayOneShot was called with a null AudioClip.

PlayOneShot was called with a null AudioClip.

PlayOneShot was called with a null AudioClip.

PlayOneShot was called with a null AudioClip.

PlayOneShot was called with a null AudioClip.

PlayOneShot was called with a null AudioClip.

PlayOneShot was called with a null AudioClip.

PlayOneShot was called with a null AudioClip.

PlayOneShot was called with a null AudioClip.

PlayOneShot was called with a null AudioClip.

PlayOneShot was called with a null AudioClip.

PlayOneShot was called with a null AudioClip.

PlayOneShot was called with a null AudioClip.

PlayOneShot was called with a null AudioClip.

PlayOneShot was called with a null AudioClip.

PlayOneShot was called with a null AudioClip.

PlayOneShot was called with a null AudioClip.

PlayOneShot was called with a null AudioClip.

PlayOneShot was called with a null AudioClip.

PlayOneShot was called with a null AudioClip.

PlayOneShot was called with a null AudioClip.

PlayOneShot was called with a null AudioClip.

PlayOneShot was called with a null AudioClip.

PlayOneShot was called with a null AudioClip.

PlayOneShot was called with a null AudioClip.

PlayOneShot was called with a null AudioClip.

PlayOneShot was called with a null AudioClip.

PlayOneShot was called with a null AudioClip.

PlayOneShot was called with a null AudioClip.

PlayOneShot was called with a null AudioClip.

PlayOneShot was called with a null AudioClip.

PlayOneShot was called with a null AudioClip.

PlayOneShot was called with a null AudioClip.

PlayOneShot was called with a null AudioClip.

PlayOneShot was called with a null AudioClip.

Bump Height: 7.247925E-05

Bump Height: 7.247925E-05

AddEventHandlerComponent: PlayMakerFixedUpdate

PlayOneShot was called with a null AudioClip.

AddEventHandlerComponent: PlayMakerFixedUpdate

PlayOneShot was called with a null AudioClip.

AddEventHandlerComponent: PlayMakerFixedUpdate

PlayOneShot was called with a null AudioClip.

Object Pool attached to GlobalPool has run out of Slash Effect Shade prefabs, Instantiating an additional one.

Object Pool attached to GlobalPool has run out of Slash Effect Shade prefabs, Instantiating an additional one.

Object Pool attached to GlobalPool has run out of Slash Effect Shade prefabs, Instantiating an additional one.

AddEventHandlerComponent: PlayMakerFixedUpdate

AddEventHandlerComponent: PlayMakerFixedUpdate

PlayOneShot was called with a null AudioClip.

PlayOneShot was called with a null AudioClip.

Object Pool attached to GlobalPool has run out of Plat Rocks prefabs, Instantiating an additional one.

AddEventHandlerComponent: PlayMakerFixedUpdate

AddEventHandlerComponent: PlayMakerFixedUpdate

PlayOneShot was called with a null AudioClip.

PlayOneShot was called with a null AudioClip.

Deferring level start (marked as manual).

PlayOneShot was called with a null AudioClip.

PlayOneShot was called with a null AudioClip.

AddEventHandlerComponent: PlayMakerFixedUpdate

AddEventHandlerComponent: PlayMakerFixedUpdate

AddEventHandlerComponent: PlayMakerFixedUpdate

AddEventHandlerComponent: PlayMakerFixedUpdate

AddEventHandlerComponent: PlayMakerFixedUpdate

AddEventHandlerComponent: PlayMakerFixedUpdate

AddEventHandlerComponent: PlayMakerFixedUpdate

AddEventHandlerComponent: PlayMakerFixedUpdate

AddEventHandlerComponent: PlayMakerFixedUpdate

AddEventHandlerComponent: PlayMakerFixedUpdate

AddEventHandlerComponent: PlayMakerFixedUpdate

AddEventHandlerComponent: PlayMakerFixedUpdate

AddEventHandlerComponent: PlayMakerFixedUpdate

AddEventHandlerComponent: PlayMakerFixedUpdate

AddEventHandlerComponent: PlayMakerFixedUpdate

AddEventHandlerComponent: PlayMakerFixedUpdate

Deferring level start (marked as manual).

PlayOneShot was called with a null AudioClip.

PlayOneShot was called with a null AudioClip.

PlayOneShot was called with a null AudioClip.

PlayOneShot was called with a null AudioClip.

PlayOneShot was called with a null AudioClip.

PlayOneShot was called with a null AudioClip.

PlayOneShot was called with a null AudioClip.

PlayOneShot was called with a null AudioClip.

PlayOneShot was called with a null AudioClip.

PlayOneShot was called with a null AudioClip.

PlayOneShot was called with a null AudioClip.

PlayOneShot was called with a null AudioClip.

PlayOneShot was called with a null AudioClip.

PlayOneShot was called with a null AudioClip.

Deferring level start (marked as manual).

AddEventHandlerComponent: PlayMakerFixedUpdate

AddEventHandlerComponent: PlayMakerFixedUpdate

AddEventHandlerComponent: PlayMakerFixedUpdate

AddEventHandlerComponent: PlayMakerFixedUpdate

AddEventHandlerComponent: PlayMakerFixedUpdate

AddEventHandlerComponent: PlayMakerFixedUpdate

AddEventHandlerComponent: PlayMakerFixedUpdate

AddEventHandlerComponent: PlayMakerFixedUpdate

AddEventHandlerComponent: PlayMakerFixedUpdate

AddEventHandlerComponent: PlayMakerFixedUpdate

AddEventHandlerComponent: PlayMakerFixedUpdate

AddEventHandlerComponent: PlayMakerFixedUpdate

AddEventHandlerComponent: PlayMakerFixedUpdate

AddEventHandlerComponent: PlayMakerFixedUpdate

AddEventHandlerComponent: PlayMakerFixedUpdate

AddEventHandlerComponent: PlayMakerFixedUpdate

Deferring level start (marked as manual).

PlayOneShot was called with a null AudioClip.

PlayOneShot was called with a null AudioClip.

PlayOneShot was called with a null AudioClip.

PlayOneShot was called with a null AudioClip.

PlayOneShot was called with a null AudioClip.

PlayOneShot was called with a null AudioClip.

PlayOneShot was called with a null AudioClip.

PlayOneShot was called with a null AudioClip.

PlayOneShot was called with a null AudioClip.

PlayOneShot was called with a null AudioClip.

PlayOneShot was called with a null AudioClip.

PlayOneShot was called with a null AudioClip.

PlayOneShot was called with a null AudioClip.

PlayOneShot was called with a null AudioClip.

PlayOneShot was called with a null AudioClip.

AddEventHandlerComponent: PlayMakerCollisionEnter2D

AddEventHandlerComponent: PlayMakerFixedUpdate

AddEventHandlerComponent: PlayMakerFixedUpdate

AddEventHandlerComponent: PlayMakerFixedUpdate

Deferring level start (marked as manual).

PlayOneShot was called with a null AudioClip.

PlayOneShot was called with a null AudioClip.

PlayOneShot was called with a null AudioClip.

Object Pool attached to GlobalPool has run out of Audio Player NoDestroy prefabs, Instantiating an additional one.

PlayOneShot was called with a null AudioClip.

Object Pool attached to GlobalPool could not find a copy of Relic Get Msg, Instantiating a new one.

Unable to get achievement CHARMED, because GOG is not authenticated.

Unable to push achievement CHARMED, because GOG is not authenticated.

Unable to get achievement ENCHANTED, because GOG is not authenticated.

Unable to push achievement ENCHANTED, because GOG is not authenticated.

PlayOneShot was called with a null AudioClip.

AddEventHandlerComponent: PlayMakerFixedUpdate

AddEventHandlerComponent: PlayMakerFixedUpdate

AddEventHandlerComponent: PlayMakerFixedUpdate

AddEventHandlerComponent: PlayMakerFixedUpdate

AddEventHandlerComponent: PlayMakerFixedUpdate

AddEventHandlerComponent: PlayMakerFixedUpdate

AddEventHandlerComponent: PlayMakerFixedUpdate

AddEventHandlerComponent: PlayMakerFixedUpdate

AddEventHandlerComponent: PlayMakerFixedUpdate

AddEventHandlerComponent: PlayMakerFixedUpdate

AddEventHandlerComponent: PlayMakerFixedUpdate

AddEventHandlerComponent: PlayMakerFixedUpdate

AddEventHandlerComponent: PlayMakerFixedUpdate

AddEventHandlerComponent: PlayMakerFixedUpdate

AddEventHandlerComponent: PlayMakerFixedUpdate

AddEventHandlerComponent: PlayMakerFixedUpdate

Deferring level start (marked as manual).

PlayOneShot was called with a null AudioClip.

PlayOneShot was called with a null AudioClip.

PlayOneShot was called with a null AudioClip.

PlayOneShot was called with a null AudioClip.

PlayOneShot was called with a null AudioClip.

PlayOneShot was called with a null AudioClip.

PlayOneShot was called with a null AudioClip.

PlayOneShot was called with a null AudioClip.

PlayOneShot was called with a null AudioClip.

PlayOneShot was called with a null AudioClip.

PlayOneShot was called with a null AudioClip.

PlayOneShot was called with a null AudioClip.

PlayOneShot was called with a null AudioClip.

PlayOneShot was called with a null AudioClip.

Bump Height: 7.247925E-05

PlayOneShot was called with a null AudioClip.

PlayOneShot was called with a null AudioClip.

PlayOneShot was called with a null AudioClip.

Deferring level start (marked as manual).

PlayOneShot was called with a null AudioClip.

PlayOneShot was called with a null AudioClip.

PlayOneShot was called with a null AudioClip.

PlayOneShot was called with a null AudioClip.

PlayOneShot was called with a null AudioClip.

AddEventHandlerComponent: PlayMakerFixedUpdate

AddEventHandlerComponent: PlayMakerFixedUpdate

AddEventHandlerComponent: PlayMakerFixedUpdate

Deferring level start (marked as manual).

AddEventHandlerComponent: PlayMakerFixedUpdate

PlayOneShot was called with a null AudioClip.

AddEventHandlerComponent: PlayMakerFixedUpdate

PlayOneShot was called with a null AudioClip.

AddEventHandlerComponent: PlayMakerFixedUpdate

PlayOneShot was called with a null AudioClip.

Deferring level start (marked as manual).

PlayOneShot was called with a null AudioClip.

PlayOneShot was called with a null AudioClip.

AddEventHandlerComponent: PlayMakerFixedUpdate

AddEventHandlerComponent: PlayMakerFixedUpdate

AddEventHandlerComponent: PlayMakerFixedUpdate

Deferring level start (marked as manual).

AddEventHandlerComponent: PlayMakerFixedUpdate

PlayOneShot was called with a null AudioClip.

Object Pool attached to GlobalPool has run out of Dream Impact prefabs, Instantiating an additional one.

AddEventHandlerComponent: PlayMakerFixedUpdate

PlayOneShot was called with a null AudioClip.

AddEventHandlerComponent: PlayMakerFixedUpdate

PlayOneShot was called with a null AudioClip.

AddEventHandlerComponent: PlayMakerFixedUpdate

PlayOneShot was called with a null AudioClip.

AddEventHandlerComponent: PlayMakerFixedUpdate

PlayOneShot was called with a null AudioClip.

Object Pool attached to GlobalPool has run out of Plat Stream Dust prefabs, Instantiating an additional one.

PlayOneShot was called with a null AudioClip.

PlayOneShot was called with a null AudioClip.

AddEventHandlerComponent: PlayMakerFixedUpdate

AddEventHandlerComponent: PlayMakerFixedUpdate

AddEventHandlerComponent: PlayMakerFixedUpdate

Deferring level start (marked as manual).

AddEventHandlerComponent: PlayMakerFixedUpdate

AddEventHandlerComponent: PlayMakerFixedUpdate

AddEventHandlerComponent: PlayMakerFixedUpdate

AddEventHandlerComponent: PlayMakerFixedUpdate

Deferring level start (marked as manual).

AddEventHandlerComponent: PlayMakerFixedUpdate

AddEventHandlerComponent: PlayMakerFixedUpdate

AddEventHandlerComponent: PlayMakerFixedUpdate

Deferring level start (marked as manual).

AddEventHandlerComponent: PlayMakerFixedUpdate

AddEventHandlerComponent: PlayMakerFixedUpdate

AddEventHandlerComponent: PlayMakerFixedUpdate

Deferring level start (marked as manual).

No area with identifier "PALACE_GROUNDS" found in area list. Creating default SubArea.

AddEventHandlerComponent: PlayMakerFixedUpdate

AddEventHandlerComponent: PlayMakerFixedUpdate

AddEventHandlerComponent: PlayMakerFixedUpdate

AddEventHandlerComponent: PlayMakerFixedUpdate

Deferring level start (marked as manual).

No area with identifier "HIDDEN_STATION" found in area list. Creating default SubArea.

PlayOneShot was called with a null AudioClip.

Unable to get achievement STAG_STATION_HALF, because GOG is not authenticated.

Unable to push achievement STAG_STATION_HALF, because GOG is not authenticated.

Unable to get achievement GRUBFRIEND, because GOG is not authenticated.

Unable to push achievement GRUBFRIEND, because GOG is not authenticated.

Unable to get achievement CHARMED, because GOG is not authenticated.

Unable to push achievement CHARMED, because GOG is not authenticated.

Unable to get achievement ENCHANTED, because GOG is not authenticated.

Unable to push achievement ENCHANTED, because GOG is not authenticated.

Unable to get achievement SOULFUL, because GOG is not authenticated.

Unable to push achievement SOULFUL, because GOG is not authenticated.

Unable to get achievement WORLDSOUL, because GOG is not authenticated.

Unable to push achievement WORLDSOUL, because GOG is not authenticated.

Unable to get achievement PROTECTED, because GOG is not authenticated.

Unable to push achievement PROTECTED, because GOG is not authenticated.

Unable to get achievement ATTUNEMENT, because GOG is not authenticated.

Unable to push achievement ATTUNEMENT, because GOG is not authenticated.

Unable to get achievement HORNET_1, because GOG is not authenticated.

Unable to push achievement HORNET_1, because GOG is not authenticated.

Unable to get achievement HORNET_2, because GOG is not authenticated.

Unable to push achievement HORNET_2, because GOG is not authenticated.

Unable to get achievement SOUL_MASTER_DEFEAT, because GOG is not authenticated.

Unable to push achievement SOUL_MASTER_DEFEAT, because GOG is not authenticated.

Unable to get achievement BROKEN_VESSEL, because GOG is not authenticated.

Unable to push achievement BROKEN_VESSEL, because GOG is not authenticated.

Unable to get achievement DUNG_DEFENDER, because GOG is not authenticated.

Unable to push achievement DUNG_DEFENDER, because GOG is not authenticated.

Unable to get achievement MANTIS_LORDS, because GOG is not authenticated.

Unable to push achievement MANTIS_LORDS, because GOG is not authenticated.

Unable to get achievement COLLECTOR, because GOG is not authenticated.

Unable to push achievement COLLECTOR, because GOG is not authenticated.

Unable to get achievement BEAST, because GOG is not authenticated.

Unable to push achievement BEAST, because GOG is not authenticated.

Unable to get achievement WATCHER, because GOG is not authenticated.

Unable to push achievement WATCHER, because GOG is not authenticated.

PlayOneShot was called with a null AudioClip.

PlayerData: Could not find bool named visitedFungalWastes in PlayerData

PlayerData: Could not find bool named visitedFungalWastes in PlayerData

PlayerData: Could not find bool named visitedCity in PlayerData

Unloading 85 Unused Serialized files (Serialized files now loaded: 0)
UnloadTime: 3.469000 ms
Deferring level start (marked as manual).


Unloading 5781 unused Assets to reduce memory usage. Loaded Objects now: 56065.
Total: 243.409600 ms (FindLiveObjects: 4.958300 ms CreateObjectMapping: 3.878000 ms MarkObjects: 215.685200 ms  DeleteObjects: 18.887700 ms)

Unloading 5 Unused Serialized files (Serialized files now loaded: 0)
UnloadTime: 1.505300 ms
DontDestroyOnLoad only works for root GameObjects or components on root GameObjects.

Performing automatic level start.

Game controller set to None.

pd.maxHealth: 8 pd.maxHealthBase: 8


Unloading 633 unused Assets to reduce memory usage. Loaded Objects now: 46951.
Total: 176.291700 ms (FindLiveObjects: 10.630800 ms CreateObjectMapping: 5.979800 ms MarkObjects: 157.192700 ms  DeleteObjects: 2.487600 ms)

Setting up 2 worker threads for Enlighten.
  Thread -> id: a44 -> priority: 1 
  Thread -> id: 1078 -> priority: 1 
